,qid,docid,docno,rank,score,query,brand,model
0,q1,3297,d3298,0,9.265545765213263,mercedes,mercedes,300sl
1,q1,4713,d4714,1,9.265545765213263,mercedes,mercedes,280sl
2,q1,2791,d2792,2,9.129216962830508,mercedes,Mercedes Benz,350SL
3,q1,2786,d2787,3,9.077055397202194,mercedes,Mercedes Benz,450SL
4,q1,3354,d3355,4,9.061881976765301,mercedes,mercedes benz,500sl
5,q1,3368,d3369,5,9.061881976765301,mercedes,mercedes benz,sl500
6,q1,4125,d4126,6,9.061881976765301,mercedes,mercedes benz,300sl
7,q1,3278,d3279,7,8.866978991104503,mercedes,mercedes,benz
8,q1,3420,d3421,8,8.866978991104503,mercedes,mercedes,sl350
9,q1,3529,d3530,9,8.866978991104503,mercedes,mercedes,benz
10,q1,3855,d3856,10,8.866978991104503,mercedes,mercedes,benz
11,q1,4057,d4058,11,8.866978991104503,mercedes,mercedes,benz
12,q1,4178,d4179,12,8.866978991104503,mercedes,mercedes,s+class
13,q1,4370,d4371,13,8.866978991104503,mercedes,mercedes,c+class
14,q1,5055,d5056,14,8.866978991104503,mercedes,mercedes,450slc
15,q1,5196,d5197,15,8.866978991104503,mercedes,mercedes,benz
16,q1,5271,d5272,16,8.866978991104503,mercedes,mercedes,300sl
17,q1,5994,d5995,17,8.866978991104503,mercedes,mercedes,s+class
18,q1,5995,d5996,18,8.866978991104503,mercedes,mercedes,s+class
19,q1,6469,d6470,19,8.866978991104503,mercedes,mercedes,benz
20,q1,3150,d3151,20,8.680283428209535,mercedes,mercedes,350+sl+auto+-+3499cc
21,q1,3561,d3562,21,8.680283428209535,mercedes,mercedes benz,280sl
22,q1,4161,d4162,22,8.680283428209535,mercedes,mercedes,sl320+v6
23,q1,4210,d4211,23,8.680283428209535,mercedes,mercedes,benz+380sl
24,q1,4869,d4870,24,8.680283428209535,mercedes,mercedes,c+class+c200
25,q1,5001,d5002,25,8.680283428209535,mercedes,mercedes,560sl+sports
26,q1,5993,d5994,26,8.680283428209535,mercedes,mercedes,slk+230
27,q1,3157,d3158,27,8.501287552993148,mercedes,mercedes benz,e+class+e220
28,q1,3205,d3206,28,8.501287552993148,mercedes,mercedes,sl55+amg+auto+-+e4+-+5439cc
29,q1,3406,d3407,29,8.501287552993148,mercedes,mercedes,sl55+amg+auto+-+e4+-+5495cc
30,q1,3470,d3471,30,8.501287552993148,mercedes,mercedes,cl55+amg+auto+-+e0+-+5439cc
31,q1,3472,d3473,31,8.501287552993148,mercedes,mercedes,300+ce+auto+-+e0+-+2962cc
32,q1,3763,d3764,32,8.501287552993148,mercedes,mercedes,300+ce+auto+eo+2962cc
33,q1,3952,d3953,33,8.501287552993148,mercedes,mercedes,350sl+w107+convertible
34,q1,4870,d4871,34,8.501287552993148,mercedes,mercedes,slk+230+kompressor
35,q1,6520,d6521,35,8.501287552993148,mercedes,mercedes benz,g+wagen+300gd
36,q1,3107,d3108,36,8.32952466417377,mercedes,mercedes,cls+63+amg+auto+-+e4+-+6208cc
37,q1,4653,d4654,37,8.32952466417377,mercedes,mercedes benz,450+slc+rhd
38,q1,2890,d2891,38,8.176880211871849,mercedes,Mercedes Benz,190SL
39,q1,4477,d4478,39,8.164565031065516,mercedes,mercedes benz,g+wagen+240gd+swb+convertible
40,q1,2807,d2808,40,8.123174979483519,mercedes,Mercedes Benz,450SL
41,q1,2809,d2810,41,8.123174979483519,mercedes,Mercedes Benz,300 GD
42,q1,2916,d2917,42,8.123174979483519,mercedes,Mercedes Benz,450SL
43,q1,2907,d2908,43,8.07017060902182,mercedes,Mercedes Benz,450SL
44,q1,1834,d1835,44,7.7877846507535615,mercedes,Mercedes-Benz,280SE
45,q1,2781,d2782,45,7.297444419117666,mercedes,Mercedes Benz,300SL
46,q1,2834,d2835,46,7.115697169280364,mercedes,Mercedes Benz,280SL
47,q1,2795,d2796,47,7.05481397375665,mercedes,Mercedes Benz,350SL
48,q1,2880,d2881,48,7.05481397375665,mercedes,Mercedes Benz,250 S
49,q1,2887,d2888,49,6.99496379488119,mercedes,Mercedes Benz,230SL
50,q1,2825,d2826,50,6.936120562738441,mercedes,Mercedes Benz,230SL
51,q1,2818,d2819,51,6.765384682016567,mercedes,Mercedes Benz,280SL
52,q1,2919,d2920,52,6.765384682016567,mercedes,Mercedes Benz,450SL
53,q1,2733,d2734,53,6.704101464685929,mercedes,Mercedes Benz,CL55
54,q1,2817,d2818,54,6.602852355481492,mercedes,Mercedes Benz,380SL
55,q1,2879,d2880,55,6.602852355481492,mercedes,Mercedes Benz,280SL
56,q1,2822,d2823,56,6.498767628893553,mercedes,Mercedes Benz,SLK 320
57,q1,779,d780,57,6.2946551882095525,mercedes,Mercedes-Benz,250SE
58,q1,2405,d2406,58,6.255073429162124,mercedes,Mercedes-Benz,190SL
59,q1,2221,d2222,59,5.848189777945374,mercedes,Mercedes-Benz,300SL
60,q1,365,d366,60,5.826923188002402,mercedes,Mercedes-Benz,500K
61,q1,2735,d2736,61,5.68684776664655,mercedes,Mercedes Benz,280S
62,q1,1838,d1839,62,4.884139286871092,mercedes,Mercedes-Benz,250SL
63,q1,1638,d1639,63,4.742087038713761,mercedes,Mercedes-Benz,300SEL
64,q1,864,d865,64,4.606595847127235,mercedes,Mercedes-Benz,280SE
65,q1,2719,d2720,65,4.606595847127235,mercedes,Mercedes Benz,450SL
66,q1,957,d958,66,4.526150812924473,mercedes,Mercedes-Benz,280SL
67,q1,170,d171,67,4.457183565445354,mercedes,Mercedes-Benz,380SL
68,q1,2776,d2777,68,4.457183565445354,mercedes,Mercedes Benz,300
69,q1,2864,d2865,69,4.457183565445354,mercedes,Mercedes Benz,560SL
70,q1,2893,d2894,70,4.457183565445354,mercedes,Mercedes Benz,Unimog
71,q1,2744,d2745,71,4.4095102573945475,mercedes,Mercedes Benz,300SL
72,q1,2922,d2923,72,4.4095102573945475,mercedes,Mercedes Benz,350SL
73,q1,2712,d2713,73,4.317159001072937,mercedes,Mercedes Benz,280SL
74,q1,2838,d2839,74,4.272418969153076,mercedes,Mercedes Benz,220
75,q1,135,d136,75,4.231072036163712,mercedes,Mercedes-Benz,280SL
76,q1,2710,d2711,76,3.983447241055656,mercedes,Mercedes Benz,220 SE
77,q1,302,d303,77,3.697624809508008,mercedes,Mercedes-Benz,G500
78,q1,1166,d1167,78,3.697624809508008,mercedes,Mercedes-Benz,450SL
79,q1,1052,d1053,79,3.4214406457001414,mercedes,Mercedes-Benz,450SL
80,q1,2904,d2905,80,3.0882524766078006,mercedes,Mercedes Benz,450SL
81,q1,2006,d2007,81,3.0426675036864745,mercedes,Mercedes-Benz,SL-Class
82,q1,220,d221,82,2.9984086938413803,mercedes,Mercedes-Benz,600
83,q1,327,d328,83,2.851005798048366,mercedes,Mercedes-Benz,500SLC
84,q1,564,d565,84,2.5857450477574067,mercedes,Mercedes-Benz,280SE
85,q1,70,d71,85,2.259052036096453,mercedes,Mercedes-Benz,280SL
86,q1,2018,d2019,86,2.1040618665873945,mercedes,Chevrolet,Corvette
87,q1,701,d702,87,1.652399003597361,mercedes,Superformance,MKIII
88,q1,672,d673,88,1.3407212402460993,mercedes,Chevrolet,Brookwood
89,q2,3297,d3298,0,17.37540686338224,mercedes luxury car auction,mercedes,300sl
90,q2,3354,d3355,1,17.06485797070903,mercedes luxury car auction,mercedes benz,500sl
91,q2,3368,d3369,2,17.06485797070903,mercedes luxury car auction,mercedes benz,sl500
92,q2,3150,d3151,3,16.47772438781205,mercedes luxury car auction,mercedes,350+sl+auto+-+3499cc
93,q2,3205,d3206,4,16.199869765510464,mercedes luxury car auction,mercedes,sl55+amg+auto+-+e4+-+5439cc
94,q2,3406,d3407,5,16.199869765510464,mercedes luxury car auction,mercedes,sl55+amg+auto+-+e4+-+5495cc
95,q2,3470,d3471,6,16.199869765510464,mercedes luxury car auction,mercedes,cl55+amg+auto+-+e0+-+5439cc
96,q2,3472,d3473,7,16.199869765510464,mercedes luxury car auction,mercedes,300+ce+auto+-+e0+-+2962cc
97,q2,3763,d3764,8,16.199869765510464,mercedes luxury car auction,mercedes,300+ce+auto+eo+2962cc
98,q2,3107,d3108,9,15.931723479386996,mercedes luxury car auction,mercedes,cls+63+amg+auto+-+e4+-+6208cc
99,q2,2791,d2792,10,12.637089864970374,mercedes luxury car auction,Mercedes Benz,350SL
100,q2,2221,d2222,11,10.653782041243476,mercedes luxury car auction,Mercedes-Benz,300SL
101,q2,2405,d2406,12,10.143888252870006,mercedes luxury car auction,Mercedes-Benz,190SL
102,q2,4713,d4714,13,9.265545765213263,mercedes luxury car auction,mercedes,280sl
103,q2,2786,d2787,14,9.077055397202194,mercedes luxury car auction,Mercedes Benz,450SL
104,q2,4125,d4126,15,9.061881976765301,mercedes luxury car auction,mercedes benz,300sl
105,q2,3278,d3279,16,8.866978991104503,mercedes luxury car auction,mercedes,benz
106,q2,3420,d3421,17,8.866978991104503,mercedes luxury car auction,mercedes,sl350
107,q2,3529,d3530,18,8.866978991104503,mercedes luxury car auction,mercedes,benz
108,q2,3855,d3856,19,8.866978991104503,mercedes luxury car auction,mercedes,benz
109,q2,4057,d4058,20,8.866978991104503,mercedes luxury car auction,mercedes,benz
110,q2,4178,d4179,21,8.866978991104503,mercedes luxury car auction,mercedes,s+class
111,q2,4370,d4371,22,8.866978991104503,mercedes luxury car auction,mercedes,c+class
112,q2,5055,d5056,23,8.866978991104503,mercedes luxury car auction,mercedes,450slc
113,q2,5196,d5197,24,8.866978991104503,mercedes luxury car auction,mercedes,benz
114,q2,5271,d5272,25,8.866978991104503,mercedes luxury car auction,mercedes,300sl
115,q2,5994,d5995,26,8.866978991104503,mercedes luxury car auction,mercedes,s+class
116,q2,5995,d5996,27,8.866978991104503,mercedes luxury car auction,mercedes,s+class
117,q2,6469,d6470,28,8.866978991104503,mercedes luxury car auction,mercedes,benz
118,q2,2663,d2664,29,8.741871402502056,mercedes luxury car auction,Lincoln,Cabriolet
119,q2,3561,d3562,30,8.680283428209535,mercedes luxury car auction,mercedes benz,280sl
120,q2,4161,d4162,31,8.680283428209535,mercedes luxury car auction,mercedes,sl320+v6
121,q2,4210,d4211,32,8.680283428209535,mercedes luxury car auction,mercedes,benz+380sl
122,q2,4869,d4870,33,8.680283428209535,mercedes luxury car auction,mercedes,c+class+c200
123,q2,5001,d5002,34,8.680283428209535,mercedes luxury car auction,mercedes,560sl+sports
124,q2,5993,d5994,35,8.680283428209535,mercedes luxury car auction,mercedes,slk+230
125,q2,2822,d2823,36,8.677676937195056,mercedes luxury car auction,Mercedes Benz,SLK 320
126,q2,2735,d2736,37,8.587107695062718,mercedes luxury car auction,Mercedes Benz,280S
127,q2,1838,d1839,38,8.547423252849871,mercedes luxury car auction,Mercedes-Benz,250SL
128,q2,3157,d3158,39,8.501287552993148,mercedes luxury car auction,mercedes benz,e+class+e220
129,q2,3952,d3953,40,8.501287552993148,mercedes luxury car auction,mercedes,350sl+w107+convertible
130,q2,4870,d4871,41,8.501287552993148,mercedes luxury car auction,mercedes,slk+230+kompressor
131,q2,6520,d6521,42,8.501287552993148,mercedes luxury car auction,mercedes benz,g+wagen+300gd
132,q2,4653,d4654,43,8.32952466417377,mercedes luxury car auction,mercedes benz,450+slc+rhd
133,q2,2968,d2969,44,8.21963989388405,mercedes luxury car auction,mg,b
134,q2,2983,d2984,45,8.21963989388405,mercedes luxury car auction,austin,seven
135,q2,3356,d3357,46,8.21963989388405,mercedes luxury car auction,mercedes-benz,500sl-32
136,q2,2890,d2891,47,8.176880211871849,mercedes luxury car auction,Mercedes Benz,190SL
137,q2,4477,d4478,48,8.164565031065516,mercedes luxury car auction,mercedes benz,g+wagen+240gd+swb+convertible
138,q2,2651,d2652,49,8.136817269725011,mercedes luxury car auction,Rolls-Royce,Silver Ghost
139,q2,2807,d2808,50,8.123174979483519,mercedes luxury car auction,Mercedes Benz,450SL
140,q2,2809,d2810,51,8.123174979483519,mercedes luxury car auction,Mercedes Benz,300 GD
141,q2,2916,d2917,52,8.123174979483519,mercedes luxury car auction,Mercedes Benz,450SL
142,q2,1897,d1898,53,8.11473302926251,mercedes luxury car auction,Shelby,Cobra
143,q2,864,d865,54,8.1144687492671,mercedes luxury car auction,Mercedes-Benz,280SE
144,q2,2959,d2960,55,8.109861098168976,mercedes luxury car auction,austin,mini
145,q2,2960,d2961,56,8.109861098168976,mercedes luxury car auction,ford,escort
146,q2,2961,d2962,57,8.109861098168976,mercedes luxury car auction,triumph,tr6
147,q2,2963,d2964,58,8.109861098168976,mercedes luxury car auction,mini,cooper
148,q2,2964,d2965,59,8.109861098168976,mercedes luxury car auction,lanchester,ld10
149,q2,2966,d2967,60,8.109861098168976,mercedes luxury car auction,fiat,1600s
150,q2,2967,d2968,61,8.109861098168976,mercedes luxury car auction,fiat,500f
151,q2,2969,d2970,62,8.109861098168976,mercedes luxury car auction,hudson,series+o
152,q2,2972,d2973,63,8.109861098168976,mercedes luxury car auction,triumph,stag
153,q2,2976,d2977,64,8.109861098168976,mercedes luxury car auction,mini,cooper
154,q2,2985,d2986,65,8.109861098168976,mercedes luxury car auction,bmw,320ci
155,q2,2986,d2987,66,8.109861098168976,mercedes luxury car auction,ford,escort
156,q2,2987,d2988,67,8.109861098168976,mercedes luxury car auction,jaguar,340
157,q2,2988,d2989,68,8.109861098168976,mercedes luxury car auction,saab,96
158,q2,2989,d2990,69,8.109861098168976,mercedes luxury car auction,morris,mini
159,q2,2990,d2991,70,8.109861098168976,mercedes luxury car auction,porsche,turbo
160,q2,2991,d2992,71,8.109861098168976,mercedes luxury car auction,fiat,124
161,q2,2992,d2993,72,8.109861098168976,mercedes luxury car auction,bmw,m3
162,q2,2995,d2996,73,8.109861098168976,mercedes luxury car auction,bentley,t1
163,q2,2998,d2999,74,8.109861098168976,mercedes luxury car auction,porsche,911
164,q2,3000,d3001,75,8.109861098168976,mercedes luxury car auction,mercedes-benz,380sl
165,q2,3001,d3002,76,8.109861098168976,mercedes luxury car auction,porsche,911
166,q2,3002,d3003,77,8.109861098168976,mercedes luxury car auction,ford,escort
167,q2,3003,d3004,78,8.109861098168976,mercedes luxury car auction,smart,roadster
168,q2,3004,d3005,79,8.109861098168976,mercedes luxury car auction,austin-healey,3000
169,q2,3011,d3012,80,8.109861098168976,mercedes luxury car auction,jaguar,xj-sc
170,q2,3012,d3013,81,8.109861098168976,mercedes luxury car auction,rover,mini
171,q2,3298,d3299,82,8.109861098168976,mercedes luxury car auction,benley,arnage
172,q2,3299,d3300,83,8.109861098168976,mercedes luxury car auction,subaru,impreza
173,q2,3303,d3304,84,8.109861098168976,mercedes luxury car auction,lotus,europa
174,q2,3306,d3307,85,8.109861098168976,mercedes luxury car auction,bmw,318i
175,q2,3308,d3309,86,8.109861098168976,mercedes luxury car auction,citroËn,ds20
176,q2,3309,d3310,87,8.109861098168976,mercedes luxury car auction,honda,s800
177,q2,3313,d3314,88,8.109861098168976,mercedes luxury car auction,jaguar,xk
178,q2,3315,d3316,89,8.109861098168976,mercedes luxury car auction,bedford,ca
179,q2,3319,d3320,90,8.109861098168976,mercedes luxury car auction,ford,focus
180,q2,3321,d3322,91,8.109861098168976,mercedes luxury car auction,jaguar,xj6
181,q2,3324,d3325,92,8.109861098168976,mercedes luxury car auction,vauxhall,vector
182,q2,3325,d3326,93,8.109861098168976,mercedes luxury car auction,corvette,stingray
183,q2,3328,d3329,94,8.109861098168976,mercedes luxury car auction,volkswagen,polo+c
184,q2,3330,d3331,95,8.109861098168976,mercedes luxury car auction,bentley,t1
185,q2,3331,d3332,96,8.109861098168976,mercedes luxury car auction,audi,quattro
186,q2,3332,d3333,97,8.109861098168976,mercedes luxury car auction,jaguar,xj6
187,q2,3333,d3334,98,8.109861098168976,mercedes luxury car auction,mg,bgt
188,q2,3334,d3335,99,8.109861098168976,mercedes luxury car auction,swallow,ss2
189,q2,3335,d3336,100,8.109861098168976,mercedes luxury car auction,triumph,tr6
190,q2,3336,d3337,101,8.109861098168976,mercedes luxury car auction,bentley,turbo+r
191,q2,3337,d3338,102,8.109861098168976,mercedes luxury car auction,austin,a35
192,q2,3343,d3344,103,8.109861098168976,mercedes luxury car auction,honda,s800m
193,q2,3347,d3348,104,8.109861098168976,mercedes luxury car auction,mg,midget
194,q2,3348,d3349,105,8.109861098168976,mercedes luxury car auction,austin,metropolitan
195,q2,3351,d3352,106,8.109861098168976,mercedes luxury car auction,ford,focus
196,q2,3352,d3353,107,8.109861098168976,mercedes luxury car auction,riley,one-point-five
197,q2,3353,d3354,108,8.109861098168976,mercedes luxury car auction,mercedes-benz,500sl
198,q2,3355,d3356,109,8.109861098168976,mercedes luxury car auction,mercedes-benz,500sl
199,q2,3357,d3358,110,8.109861098168976,mercedes luxury car auction,jaguar,xkr
200,q2,3358,d3359,111,8.109861098168976,mercedes luxury car auction,mg,bgt
201,q2,3359,d3360,112,8.109861098168976,mercedes luxury car auction,ford,escort
202,q2,3361,d3362,113,8.109861098168976,mercedes luxury car auction,morris,ital
203,q2,3362,d3363,114,8.109861098168976,mercedes luxury car auction,mg,b+roadster
204,q2,3364,d3365,115,8.109861098168976,mercedes luxury car auction,austin,metropolitan
205,q2,3369,d3370,116,8.109861098168976,mercedes luxury car auction,porsche,911
206,q2,3371,d3372,117,8.109861098168976,mercedes luxury car auction,subaru,impreza
207,q2,3435,d3436,118,8.109861098168976,mercedes luxury car auction,triumph,stag
208,q2,3517,d3518,119,8.109861098168976,mercedes luxury car auction,lancia,delta
209,q2,3627,d3628,120,8.109861098168976,mercedes luxury car auction,jaguar,xj8
210,q2,3681,d3682,121,8.109861098168976,mercedes luxury car auction,mg,midget
211,q2,3683,d3684,122,8.109861098168976,mercedes luxury car auction,lamborghini,diablo
212,q2,3711,d3712,123,8.109861098168976,mercedes luxury car auction,mercedes-benz,c+class
213,q2,3712,d3713,124,8.109861098168976,mercedes luxury car auction,mini,hatchback
214,q2,3713,d3714,125,8.109861098168976,mercedes luxury car auction,mini,hatchback
215,q2,3714,d3715,126,8.109861098168976,mercedes luxury car auction,jaguar,xk8
216,q2,3736,d3737,127,8.109861098168976,mercedes luxury car auction,rover,3500
217,q2,3755,d3756,128,8.109861098168976,mercedes luxury car auction,volkswagen,transporter
218,q2,3756,d3757,129,8.109861098168976,mercedes luxury car auction,chevrolet,gmc
219,q2,3757,d3758,130,8.109861098168976,mercedes luxury car auction,ford,fiesta
220,q2,3758,d3759,131,8.109861098168976,mercedes luxury car auction,ford,escort
221,q2,3760,d3761,132,8.109861098168976,mercedes luxury car auction,mercedes-benz,cl55
222,q2,3761,d3762,133,8.109861098168976,mercedes luxury car auction,renault,laguna
223,q2,3762,d3763,134,8.109861098168976,mercedes luxury car auction,mg,tf
224,q2,3766,d3767,135,8.109861098168976,mercedes luxury car auction,lexus,ls
225,q2,3768,d3769,136,8.109861098168976,mercedes luxury car auction,renault,clio
226,q2,4003,d4004,137,8.109861098168976,mercedes luxury car auction,bmw,alpina
227,q2,4004,d4005,138,8.109861098168976,mercedes luxury car auction,nissan,figaro
228,q2,4005,d4006,139,8.109861098168976,mercedes luxury car auction,triumph,acclaim
229,q2,4248,d4249,140,8.109861098168976,mercedes luxury car auction,porsche,911
230,q2,2907,d2908,141,8.07017060902182,mercedes luxury car auction,Mercedes Benz,450SL
231,q2,2965,d2966,142,8.00297599394373,mercedes luxury car auction,ford,consul+capri
232,q2,2973,d2974,143,8.00297599394373,mercedes luxury car auction,lotus,elan+s4
233,q2,2975,d2976,144,8.00297599394373,mercedes luxury car auction,mercedes-benz,sl55+amg
234,q2,2977,d2978,145,8.00297599394373,mercedes luxury car auction,bentley,continental+gt
235,q2,2980,d2981,146,8.00297599394373,mercedes luxury car auction,jaguar,mark+2
236,q2,2981,d2982,147,8.00297599394373,mercedes luxury car auction,ford fiesta,xr2
237,q2,2982,d2983,148,8.00297599394373,mercedes luxury car auction,maserati,4200+gt
238,q2,2984,d2985,149,8.00297599394373,mercedes luxury car auction,reliant,scimitar+gte
239,q2,2993,d2994,150,8.00297599394373,mercedes luxury car auction,audi,80+cabriolet
240,q2,2996,d2997,151,8.00297599394373,mercedes luxury car auction,rover,mini+cooper
241,q2,2999,d3000,152,8.00297599394373,mercedes luxury car auction,volkswagen,golf+ii
242,q2,3005,d3006,153,8.00297599394373,mercedes luxury car auction,smart,fortwo+cabrio
243,q2,3006,d3007,154,8.00297599394373,mercedes luxury car auction,mercedes-benz,300+gd
244,q2,3007,d3008,155,8.00297599394373,mercedes luxury car auction,audi,80+b4
245,q2,3008,d3009,156,8.00297599394373,mercedes luxury car auction,mercedes-benz,380+sl
246,q2,3009,d3010,157,8.00297599394373,mercedes luxury car auction,austin-healey,100-slash-4+bn1
247,q2,3010,d3011,158,8.00297599394373,mercedes luxury car auction,peugeot,306+cabriolet
248,q2,3295,d3296,159,8.00297599394373,mercedes luxury car auction,ford,capri+rs3100
249,q2,3300,d3301,160,8.00297599394373,mercedes luxury car auction,jaguar,xjs+coupÉ
250,q2,3305,d3306,161,8.00297599394373,mercedes luxury car auction,bmw,alpina+b10
251,q2,3311,d3312,162,8.00297599394373,mercedes luxury car auction,bmw,735+se
252,q2,3316,d3317,163,8.00297599394373,mercedes luxury car auction,morris,mini+moke
253,q2,3317,d3318,164,8.00297599394373,mercedes luxury car auction,daimler,sovereign+420
254,q2,3322,d3323,165,8.00297599394373,mercedes luxury car auction,bmw,320i+cabriolet
255,q2,3323,d3324,166,8.00297599394373,mercedes luxury car auction,jaguar,xk8+coupe
256,q2,3326,d3327,167,8.00297599394373,mercedes luxury car auction,aston martin,db7
257,q2,3329,d3330,168,8.00297599394373,mercedes luxury car auction,ford,escort+xr3i
258,q2,3340,d3341,169,8.00297599394373,mercedes luxury car auction,bmw,m3+e36
259,q2,3342,d3343,170,8.00297599394373,mercedes luxury car auction,ford,fiesta+xr2
260,q2,3346,d3347,171,8.00297599394373,mercedes luxury car auction,toyota,mr2+turbo
261,q2,3350,d3351,172,8.00297599394373,mercedes luxury car auction,maserati,3200+gt
262,q2,3363,d3364,173,8.00297599394373,mercedes luxury car auction,austin,healey+sprite
263,q2,3366,d3367,174,8.00297599394373,mercedes luxury car auction,lotus,elan++2
264,q2,3367,d3368,175,8.00297599394373,mercedes luxury car auction,aston martin,db7
265,q2,3370,d3371,176,8.00297599394373,mercedes luxury car auction,mazda,mx5+rocketeer
266,q2,3471,d3472,177,8.00297599394373,mercedes luxury car auction,austin-healey,sprite+-+1098cc
267,q2,3481,d3482,178,8.00297599394373,mercedes luxury car auction,ford,consul+-+1703cc
268,q2,3483,d3484,179,8.00297599394373,mercedes luxury car auction,tvr,chimaera+-+3952cc
269,q2,3489,d3490,180,8.00297599394373,mercedes luxury car auction,hyundai,xg30+-+3000cc
270,q2,3492,d3493,181,8.00297599394373,mercedes luxury car auction,nissan,figaro+-+987cc
271,q2,3497,d3498,182,8.00297599394373,mercedes luxury car auction,nissan,figaro+-+980cc
272,q2,3499,d3500,183,8.00297599394373,mercedes luxury car auction,triumph,stag+-+2498cc
273,q2,3575,d3576,184,8.00297599394373,mercedes luxury car auction,volkswagen,danbury+diamond
274,q2,3679,d3680,185,8.00297599394373,mercedes luxury car auction,volkswagen,beach+buggy
275,q2,3686,d3687,186,8.00297599394373,mercedes luxury car auction,bmw,3+series
276,q2,3687,d3688,187,8.00297599394373,mercedes luxury car auction,jaguar,xkr+silverstone
277,q2,3707,d3708,188,8.00297599394373,mercedes luxury car auction,aston martin,db9
278,q2,3743,d3744,189,8.00297599394373,mercedes luxury car auction,jensen,interceptor+mk3
279,q2,3759,d3760,190,8.00297599394373,mercedes luxury car auction,smiths,milk+float
280,q2,3764,d3765,191,8.00297599394373,mercedes luxury car auction,alfa romeo,brera
281,q2,3767,d3768,192,8.00297599394373,mercedes luxury car auction,bmw,5+series
282,q2,569,d570,193,7.898871656027636,mercedes luxury car auction,Ford,Mustang
283,q2,570,d571,194,7.898871656027636,mercedes luxury car auction,Chevrolet,Scottsdale
284,q2,571,d572,195,7.898871656027636,mercedes luxury car auction,Chevrolet,Caprice
285,q2,572,d573,196,7.898871656027636,mercedes luxury car auction,Chevrolet,Malibu
286,q2,590,d591,197,7.898871656027636,mercedes luxury car auction,Dodge,Challenger
287,q2,1486,d1487,198,7.898871656027636,mercedes luxury car auction,Pontiac,Catalina
288,q2,1664,d1665,199,7.898871656027636,mercedes luxury car auction,Chevrolet,Cheyenne
289,q2,1666,d1667,200,7.898871656027636,mercedes luxury car auction,Lincoln,Continental
290,q2,1667,d1668,201,7.898871656027636,mercedes luxury car auction,Ford,Mustang
291,q2,1668,d1669,202,7.898871656027636,mercedes luxury car auction,Ford,Torino
292,q2,1669,d1670,203,7.898871656027636,mercedes luxury car auction,Chevrolet,Corvette
293,q2,1791,d1792,204,7.898871656027636,mercedes luxury car auction,Bentley,T1
294,q2,1793,d1794,205,7.898871656027636,mercedes luxury car auction,Ford,Mustang
295,q2,1797,d1798,206,7.898871656027636,mercedes luxury car auction,Fiat,500D
296,q2,1798,d1799,207,7.898871656027636,mercedes luxury car auction,Austin-Healey,3000
297,q2,1799,d1800,208,7.898871656027636,mercedes luxury car auction,MINI,Cooper
298,q2,1800,d1801,209,7.898871656027636,mercedes luxury car auction,Ford,Escort
299,q2,1801,d1802,210,7.898871656027636,mercedes luxury car auction,Jaguar,E-Type
300,q2,1813,d1814,211,7.898871656027636,mercedes luxury car auction,Citroen,DS19
301,q2,1879,d1880,212,7.898871656027636,mercedes luxury car auction,Chevrolet,Chevelle
302,q2,1882,d1883,213,7.898871656027636,mercedes luxury car auction,Ford,Thunderbird
303,q2,1884,d1885,214,7.898871656027636,mercedes luxury car auction,Ford,Mustang
304,q2,2956,d2957,215,7.898871656027636,mercedes luxury car auction,land rover,series+iia
305,q2,2958,d2959,216,7.898871656027636,mercedes luxury car auction,aston martin,db7+automatic
306,q2,2962,d2963,217,7.898871656027636,mercedes luxury car auction,ford,escort+rs+turbo
307,q2,2971,d2972,218,7.898871656027636,mercedes luxury car auction,mitsubishi,lancer+5th+gen
308,q2,2978,d2979,219,7.898871656027636,mercedes luxury car auction,aston martin,db7+vantage
309,q2,2979,d2980,220,7.898871656027636,mercedes luxury car auction,bentley,arnage+red+label
310,q2,2994,d2995,221,7.898871656027636,mercedes luxury car auction,honda,integra+dc2+type-r
311,q2,3260,d3261,222,7.898871656027636,mercedes luxury car auction,volkswagen,1300+beetle+-+1285cc
312,q2,3263,d3264,223,7.898871656027636,mercedes luxury car auction,mg,b+le+roadster+-+1798cc
313,q2,3264,d3265,224,7.898871656027636,mercedes luxury car auction,triumph,tr7+convertible+-+1998cc
314,q2,3301,d3302,225,7.898871656027636,mercedes luxury car auction,mazda,rx-7+turbo+ii
315,q2,3302,d3303,226,7.898871656027636,mercedes luxury car auction,jaguar,1½-litre+saloon
316,q2,3318,d3319,227,7.898871656027636,mercedes luxury car auction,porsche,911+996+c4s
317,q2,3320,d3321,228,7.898871656027636,mercedes luxury car auction,rolls royce,silver+spirit
318,q2,3327,d3328,229,7.898871656027636,mercedes luxury car auction,rolls-royce,silver+shadow+2
319,q2,3339,d3340,230,7.898871656027636,mercedes luxury car auction,chevrolet,corvette+c2+stingray
320,q2,3341,d3342,231,7.898871656027636,mercedes luxury car auction,subaru,impreza+wrx+sti
321,q2,3344,d3345,232,7.898871656027636,mercedes luxury car auction,cadillac,coupe+de+ville
322,q2,3345,d3346,233,7.898871656027636,mercedes luxury car auction,land rover,lt+weight
323,q2,3349,d3350,234,7.898871656027636,mercedes luxury car auction,vw,t2+camper+van
324,q2,3365,d3366,235,7.898871656027636,mercedes luxury car auction,porsche,iconic+speedster+387
325,q2,3421,d3422,236,7.898871656027636,mercedes luxury car auction,bmw,735i+sport+auto
326,q2,3469,d3470,237,7.898871656027636,mercedes luxury car auction,triumph,herald+12-slash-50+-+1147cc
327,q2,3473,d3474,238,7.898871656027636,mercedes luxury car auction,francis barnett,cruiser+-+249cc
328,q2,3479,d3480,239,7.898871656027636,mercedes luxury car auction,ford,cortina+gl+-+1593cc
329,q2,3495,d3496,240,7.898871656027636,mercedes luxury car auction,volkswagen,transporter+camper++-+2000cc
330,q2,3501,d3502,241,7.898871656027636,mercedes luxury car auction,mg,tf+-+e0+-+1796cc
331,q2,3684,d3685,242,7.898871656027636,mercedes luxury car auction,aston martin,db7+vantage
332,q2,3708,d3709,243,7.898871656027636,mercedes luxury car auction,land rover,range+rover
333,q2,575,d576,244,7.797440959602516,mercedes luxury car auction,Ford,Mustang GT
334,q2,1785,d1786,245,7.797440959602516,mercedes luxury car auction,BMW,3.0CSL
335,q2,1883,d1884,246,7.797440959602516,mercedes luxury car auction,Chevrolet,Chevelle SS
336,q2,2970,d2971,247,7.797440959602516,mercedes luxury car auction,porsche,911+996+carrera+4
337,q2,2974,d2975,248,7.797440959602516,mercedes luxury car auction,rover,mini+cooper+'spi'+supercharged
338,q2,2997,d2998,249,7.797440959602516,mercedes luxury car auction,austin,a35+6cwt+light+van
339,q2,3013,d3014,250,7.797440959602516,mercedes luxury car auction,ford,probe+2.5+24v
340,q2,3033,d3034,251,7.797440959602516,mercedes luxury car auction,bmw,alpina+b10+-+e0+-+3300cc
341,q2,3148,d3149,252,7.797440959602516,mercedes luxury car auction,ford,fiesta+xr2+i+-+e0+-+1796cc
342,q2,3149,d3150,253,7.797440959602516,mercedes luxury car auction,volkswagen,golf+anniversary+t+-+e0+-+1781cc
343,q2,3151,d3152,254,7.797440959602516,mercedes luxury car auction,ford,fiesta+xr2+-+e0+-+1597cc
344,q2,3229,d3230,255,7.797440959602516,mercedes luxury car auction,ford,focus+st-2+-+e4+-+2521cc
345,q2,3266,d3267,256,7.797440959602516,mercedes luxury car auction,bmw,z3+auto+-+e0+-+1895cc
346,q2,3304,d3305,257,7.797440959602516,mercedes luxury car auction,jaguar,xjs+6.0+v12
347,q2,3307,d3308,258,7.797440959602516,mercedes luxury car auction,rover mini,cooper+monte+carlo
348,q2,3310,d3311,259,7.797440959602516,mercedes luxury car auction,land rover,88''+station+wagon
349,q2,3312,d3313,260,7.797440959602516,mercedes luxury car auction,land rover,series+iii+swb
350,q2,3314,d3315,261,7.797440959602516,mercedes luxury car auction,morris,minor+1000+series+5
351,q2,3338,d3339,262,7.797440959602516,mercedes luxury car auction,rover,metro+1.4+cabriolet
352,q2,3360,d3361,263,7.797440959602516,mercedes luxury car auction,volkswagen,t2+bus+type+2
353,q2,3372,d3373,264,7.797440959602516,mercedes luxury car auction,land rover,series++iii+lightweight
354,q2,3467,d3468,265,7.797440959602516,mercedes luxury car auction,ford,escort+finesse+-+e0+-+1597cc
355,q2,3468,d3469,266,7.797440959602516,mercedes luxury car auction,ford,escort+si+-+e0+-+1796cc
356,q2,3475,d3476,267,7.797440959602516,mercedes luxury car auction,mini parts,mkii+mini+parts
357,q2,3477,d3478,268,7.797440959602516,mercedes luxury car auction,ford,fiesta+finesse+-+e0+-+1299cc
358,q2,3480,d3481,269,7.797440959602516,mercedes luxury car auction,smiths,cabac+milk+float+-+0cc
359,q2,3484,d3485,270,7.797440959602516,mercedes luxury car auction,lexus,ls400+auto+-+e0+-+3969cc
360,q2,3486,d3487,271,7.797440959602516,mercedes luxury car auction,bmw,540i+m+sport+-+e0+-+4000cc
361,q2,3488,d3489,272,7.797440959602516,mercedes luxury car auction,mg,zs+180+-+e0+-+2497cc
362,q2,3493,d3494,273,7.797440959602516,mercedes luxury car auction,jaguar,xj8+auto+-+e2+-+3248cc
363,q2,1834,d1835,274,7.7877846507535615,mercedes luxury car auction,Mercedes-Benz,280SE
364,q2,573,d574,275,7.698582212517317,mercedes luxury car auction,Rolls-Royce,Silver Cloud II
365,q2,1665,d1666,276,7.698582212517317,mercedes luxury car auction,Lincoln,Continental Mark IV
366,q2,1795,d1796,277,7.698582212517317,mercedes luxury car auction,Alfa Romeo,1750 GTV
367,q2,3206,d3207,278,7.698582212517317,mercedes luxury car auction,ford,escort+rs+turbo+-+e0+-+1597cc
368,q2,3262,d3263,279,7.698582212517317,mercedes luxury car auction,sunbeam,alpine+series+iii+gt+-+1592cc
369,q2,3466,d3467,280,7.698582212517317,mercedes luxury car auction,triumph,acclaim+hl+trio+auto+-+1335cc
370,q2,3474,d3475,281,7.698582212517317,mercedes luxury car auction,porsche,911+carrera+4+s+-+e0+-+3596cc
371,q2,3478,d3479,282,7.698582212517317,mercedes luxury car auction,rover,mini+cooper+sport+-+e0+-+1275cc
372,q2,3490,d3491,283,7.698582212517317,mercedes luxury car auction,vauxhall,cavalier+gls+sport+hatch+-+1584cc
373,q2,3496,d3497,284,7.698582212517317,mercedes luxury car auction,daimler,ds420+vanden+plas+limousine+-+4235cc
374,q2,3498,d3499,285,7.698582212517317,mercedes luxury car auction,renault,clio+williams+2+-+e0+-+1998cc
375,q2,3500,d3501,286,7.698582212517317,mercedes luxury car auction,alfa romeo,166+v6+-+e0+-+2492cc
376,q2,3265,d3266,287,7.602198815213225,mercedes luxury car auction,citroen,saxo+vtr+-+e0+-+1587cc+-+one+owner+from+new
377,q2,3296,d3297,288,7.602198815213225,mercedes luxury car auction,jaguar,mk2+4.2-litre+manual+overdrive+saloon
378,q2,3407,d3408,289,7.602198815213225,mercedes luxury car auction,alfa romeo,gtv+t.spark+lusso+-+e0+-+1970cc
379,q2,3482,d3483,290,7.602198815213225,mercedes luxury car auction,porsche,911+carrera+4+tiptronic+s+-+e0+-+3387cc
380,q2,3487,d3488,291,7.602198815213225,mercedes luxury car auction,renault,laguna+executive+v6+auto+-+e0+-+2946cc
381,q2,3491,d3492,292,7.602198815213225,mercedes luxury car auction,jaguar,s-type+v8+se+auto+-+e0+-+4196cc
382,q2,3494,d3495,293,7.602198815213225,mercedes luxury car auction,chevrolet gmc,corvette+c4+convertible+lhd+-+5700cc
383,q2,367,d368,294,7.598922394213802,mercedes luxury car auction,Ford,Thunderbird
384,q2,2018,d2019,295,7.570259653126666,mercedes luxury car auction,Chevrolet,Corvette
385,q2,2957,d2958,296,7.508198945878565,mercedes luxury car auction,land rover,defender+90+2.2+xs+tdci
386,q2,3465,d3466,297,7.508198945878565,mercedes luxury car auction,rover,75+contemp-y+se+v6+tour+a+-+e0+-+2497cc
387,q2,3485,d3486,298,7.508198945878565,mercedes luxury car auction,land rover,range+rover+hse+auto+-+e2+-+4556cc
388,q2,3476,d3477,299,7.416495268676436,mercedes luxury car auction,alfa romeo,brera+sv+jts+v6+q4+-+e4+-+3195cc
389,q2,1052,d1053,300,7.395307215466611,mercedes luxury car auction,Mercedes-Benz,450SL
390,q2,383,d384,301,7.3891191185016485,mercedes luxury car auction,Cadillac,LaSalle
391,q2,911,d912,302,7.333906900400253,mercedes luxury car auction,Ford,Thunderbird
392,q2,2781,d2782,303,7.297444419117666,mercedes luxury car auction,Mercedes Benz,300SL
393,q2,957,d958,304,7.295954444974136,mercedes luxury car auction,Mercedes-Benz,280SL
394,q2,2834,d2835,305,7.115697169280364,mercedes luxury car auction,Mercedes Benz,280SL
395,q2,2795,d2796,306,7.05481397375665,mercedes luxury car auction,Mercedes Benz,350SL
396,q2,2880,d2881,307,7.05481397375665,mercedes luxury car auction,Mercedes Benz,250 S
397,q2,2887,d2888,308,6.99496379488119,mercedes luxury car auction,Mercedes Benz,230SL
398,q2,2719,d2720,309,6.955933457356572,mercedes luxury car auction,Mercedes Benz,450SL
399,q2,2825,d2826,310,6.936120562738441,mercedes luxury car auction,Mercedes Benz,230SL
400,q2,701,d702,311,6.830758642737535,mercedes luxury car auction,Superformance,MKIII
401,q2,2818,d2819,312,6.765384682016567,mercedes luxury car auction,Mercedes Benz,280SL
402,q2,2919,d2920,313,6.765384682016567,mercedes luxury car auction,Mercedes Benz,450SL
403,q2,170,d171,314,6.730321764127806,mercedes luxury car auction,Mercedes-Benz,380SL
404,q2,15,d16,315,6.729900202353732,mercedes luxury car auction,Chevrolet,Bel Air
405,q2,2733,d2734,316,6.704101464685929,mercedes luxury car auction,Mercedes Benz,CL55
406,q2,1166,d1167,317,6.6615439573654225,mercedes luxury car auction,Mercedes-Benz,450SL
407,q2,2817,d2818,318,6.602852355481492,mercedes luxury car auction,Mercedes Benz,380SL
408,q2,2879,d2880,319,6.602852355481492,mercedes luxury car auction,Mercedes Benz,280SL
409,q2,2838,d2839,320,6.451328277454579,mercedes luxury car auction,Mercedes Benz,220
410,q2,1814,d1815,321,6.440756650737327,mercedes luxury car auction,Lancia,Aurelia
411,q2,564,d565,322,6.327446137339022,mercedes luxury car auction,Mercedes-Benz,280SE
412,q2,779,d780,323,6.2946551882095525,mercedes luxury car auction,Mercedes-Benz,250SE
413,q2,1638,d1639,324,6.207318364602417,mercedes luxury car auction,Mercedes-Benz,300SEL
414,q2,327,d328,325,6.137473038788093,mercedes luxury car auction,Mercedes-Benz,500SLC
415,q2,365,d366,326,5.826923188002402,mercedes luxury car auction,Mercedes-Benz,500K
416,q2,812,d813,327,5.822271787189705,mercedes luxury car auction,Austin-Healey,Sprite
417,q2,70,d71,328,5.716976163954065,mercedes luxury car auction,Mercedes-Benz,280SL
418,q2,135,d136,329,5.509246096738199,mercedes luxury car auction,Mercedes-Benz,280SL
419,q2,2569,d2570,330,5.3769585842570145,mercedes luxury car auction,Ford,Mustang GT
420,q2,1899,d1900,331,5.24517146000372,mercedes luxury car auction,Packard,400
421,q2,868,d869,332,5.2155243408741665,mercedes luxury car auction,Ford,Woody Wagon
422,q2,627,d628,333,5.1959026795387215,mercedes luxury car auction,Porsche,911 Turbo
423,q2,521,d522,334,5.1947017005778,mercedes luxury car auction,Cadillac,Series 62
424,q2,372,d373,335,5.156576368888604,mercedes luxury car auction,Porsche,911
425,q2,176,d177,336,5.117034368440497,mercedes luxury car auction,Chevrolet,Impala
426,q2,24,d25,337,5.047528615767345,mercedes luxury car auction,Infiniti,M45
427,q2,12,d13,338,5.009829288245262,mercedes luxury car auction,Ford,Thunderbird
428,q2,2531,d2532,339,5.006595163467539,mercedes luxury car auction,Cadillac,Eldorado
429,q2,402,d403,340,4.995905490969725,mercedes luxury car auction,Dodge,Dart Swinger
430,q2,1901,d1902,341,4.956646422476011,mercedes luxury car auction,Buick,LeSabre
431,q2,1671,d1672,342,4.936385561455758,mercedes luxury car auction,Mercedes-Benz,190SL
432,q2,251,d252,343,4.844910646025421,mercedes luxury car auction,Triumph,TR6
433,q2,133,d134,344,4.832153828306677,mercedes luxury car auction,Chevrolet,Corvette
434,q2,390,d391,345,4.707975515308645,mercedes luxury car auction,Plymouth,GTX
435,q2,913,d914,346,4.655848586347448,mercedes luxury car auction,Shelby,GT350
436,q2,281,d282,347,4.638086513994867,mercedes luxury car auction,De Tomaso,Pantera
437,q2,307,d308,348,4.631670039491067,mercedes luxury car auction,Ford,Mustang
438,q2,807,d808,349,4.631670039491067,mercedes luxury car auction,Oldsmobile,Starfire
439,q2,2006,d2007,350,4.59441057797658,mercedes luxury car auction,Mercedes-Benz,SL-Class
440,q2,829,d830,351,4.568977238353535,mercedes luxury car auction,Sunbeam,Tiger
441,q2,224,d225,352,4.564162555558291,mercedes luxury car auction,Dodge,Charger R/T
442,q2,204,d205,353,4.545634998550978,mercedes luxury car auction,Lincoln,Continental Mark VI
443,q2,220,d221,354,4.527580027522221,mercedes luxury car auction,Mercedes-Benz,600
444,q2,520,d521,355,4.526834754589525,mercedes luxury car auction,Chevrolet,Camaro
445,q2,280,d281,356,4.492278206463457,mercedes luxury car auction,Buick,Electra 225
446,q2,228,d229,357,4.479432052767254,mercedes luxury car auction,Pontiac,GTO
447,q2,318,d319,358,4.458394367871303,mercedes luxury car auction,Ford,Roadster
448,q2,2776,d2777,359,4.457183565445354,mercedes luxury car auction,Mercedes Benz,300
449,q2,2864,d2865,360,4.457183565445354,mercedes luxury car auction,Mercedes Benz,560SL
450,q2,2893,d2894,361,4.457183565445354,mercedes luxury car auction,Mercedes Benz,Unimog
451,q2,123,d124,362,4.43221779765275,mercedes luxury car auction,Chevrolet,Camaro SS
452,q2,875,d876,363,4.426895043996652,mercedes luxury car auction,Lincoln,Town Car
453,q2,1772,d1773,364,4.426895043996652,mercedes luxury car auction,Lincoln,Town Car
454,q2,2168,d2169,365,4.426895043996652,mercedes luxury car auction,Porsche,Race Car
455,q2,2302,d2303,366,4.426895043996652,mercedes luxury car auction,Lincoln,Town Car
456,q2,33,d34,367,4.413380854783814,mercedes luxury car auction,Chevrolet,Impala
457,q2,2744,d2745,368,4.4095102573945475,mercedes luxury car auction,Mercedes Benz,300SL
458,q2,2922,d2923,369,4.4095102573945475,mercedes luxury car auction,Mercedes Benz,350SL
459,q2,1221,d1222,370,4.4030430908034575,mercedes luxury car auction,Chevrolet,Corvair Monza
460,q2,432,d433,371,4.39627538350332,mercedes luxury car auction,Chevrolet,Camaro RS/SS
461,q2,165,d166,372,4.395149454441888,mercedes luxury car auction,Delahaye,180
462,q2,2310,d2311,373,4.385988459730531,mercedes luxury car auction,Chevrolet,Corvette
463,q2,291,d292,374,4.384786545184978,mercedes luxury car auction,Oldsmobile,442 W-30
464,q2,41,d42,375,4.36113362836061,mercedes luxury car auction,Dodge,Demon
465,q2,408,d409,376,4.3222223996103954,mercedes luxury car auction,Dodge,Charger R/T
466,q2,2712,d2713,377,4.317159001072937,mercedes luxury car auction,Mercedes Benz,280SL
467,q2,106,d107,378,4.314409782298175,mercedes luxury car auction,Ford,Thunderbird
468,q2,456,d457,379,4.29059668482717,mercedes luxury car auction,Chevrolet,Camaro
469,q2,409,d410,380,4.281181539878062,mercedes luxury car auction,Chevrolet,Camaro SS
470,q2,725,d726,381,4.274147253236993,mercedes luxury car auction,Lincoln,Town Car
471,q2,854,d855,382,4.25536587201673,mercedes luxury car auction,Dodge,Coronet 500
472,q2,120,d121,383,4.254547303455731,mercedes luxury car auction,Ford,Tudor
473,q2,59,d60,384,4.252911110736856,mercedes luxury car auction,Jaguar,E-Type
474,q2,1658,d1659,385,4.227657623253468,mercedes luxury car auction,Ford,Mustang
475,q2,1235,d1236,386,4.219807133890467,mercedes luxury car auction,Jaguar,XJ6C
476,q2,758,d759,387,4.211916181493669,mercedes luxury car auction,Chrysler,New Yorker
477,q2,147,d148,388,4.210328587476854,mercedes luxury car auction,BMW,Isetta
478,q2,1721,d1722,389,4.197916209021927,mercedes luxury car auction,Chevrolet,210
479,q2,883,d884,390,4.19574728082086,mercedes luxury car auction,Datsun,240Z
480,q2,1660,d1661,391,4.177215879418901,mercedes luxury car auction,Lincoln,Continental Mark IV
481,q2,1731,d1732,392,4.171242058615392,mercedes luxury car auction,Ford,Mustang GT
482,q2,134,d135,393,4.168590330995804,mercedes luxury car auction,Triumph,TR6
483,q2,3041,d3042,394,4.163881602638819,mercedes luxury car auction,jaguar,mk1+3.4+competition+car
484,q2,2577,d2578,395,4.162393230862471,mercedes luxury car auction,Ford,Mustang
485,q2,853,d854,396,4.15493385215965,mercedes luxury car auction,Chevrolet,Chevelle SS
486,q2,229,d230,397,4.150365142238769,mercedes luxury car auction,Oldsmobile,Futuramic 88
487,q2,159,d160,398,4.1484413794417945,mercedes luxury car auction,OSCA,750S
488,q2,855,d856,399,4.129983754539561,mercedes luxury car auction,Chevrolet,Impala SS
489,q2,2217,d2218,400,4.127671479344456,mercedes luxury car auction,Dodge,Viper
490,q2,1812,d1813,401,4.118039909868984,mercedes luxury car auction,Pontiac,GTO
491,q2,1847,d1848,402,4.114312028360722,mercedes luxury car auction,Chevrolet,Impala
492,q2,698,d699,403,4.090788233357885,mercedes luxury car auction,Dodge,Challenger
493,q2,40,d41,404,4.089059543145751,mercedes luxury car auction,Dodge,Challenger Demon
494,q2,200,d201,405,4.089059543145751,mercedes luxury car auction,Aston Martin,Vantage
495,q2,428,d429,406,4.089059543145751,mercedes luxury car auction,Lincoln,Continental Mark IV
496,q2,687,d688,407,4.089059543145751,mercedes luxury car auction,Volkswagen,Beetle
497,q2,378,d379,408,4.087548137263377,mercedes luxury car auction,Ford,Custom
498,q2,448,d449,409,4.087548137263377,mercedes luxury car auction,International,Scout
499,q2,1686,d1687,410,4.062721812183764,mercedes luxury car auction,Chevrolet,Impala
500,q2,1600,d1601,411,4.022467201105589,mercedes luxury car auction,Ford,Model A
501,q2,1609,d1610,412,4.013089048688576,mercedes luxury car auction,Ford,Mustang Mach 1
502,q2,143,d144,413,4.011778801976127,mercedes luxury car auction,Nissan,Skyline GT-R
503,q2,548,d549,414,4.011051256761114,mercedes luxury car auction,Chevrolet,Nova SS
504,q2,1670,d1671,415,4.011051256761114,mercedes luxury car auction,Porsche,356A
505,q2,796,d797,416,4.005240381101043,mercedes luxury car auction,Plymouth,5-Window Coupe
506,q2,2648,d2649,417,4.0005079338739735,mercedes luxury car auction,Porsche,356SC
507,q2,804,d805,418,3.9968468878914662,mercedes luxury car auction,Chevrolet,Corvette
508,q2,2793,d2794,419,3.99273269080614,mercedes luxury car auction,BMW,325 iX
509,q2,2710,d2711,420,3.983447241055656,mercedes luxury car auction,Mercedes Benz,220 SE
510,q2,273,d274,421,3.9717257574900837,mercedes luxury car auction,Ford,Model A
511,q2,423,d424,422,3.9717257574900837,mercedes luxury car auction,Chevrolet,Corvette
512,q2,720,d721,423,3.966796772526739,mercedes luxury car auction,Chevrolet,Caprice
513,q2,223,d224,424,3.9542901602858893,mercedes luxury car auction,Oldsmobile,442
514,q2,2567,d2568,425,3.9409042723116174,mercedes luxury car auction,Bentley,Continental Flying Spur
515,q2,272,d273,426,3.9380099208150083,mercedes luxury car auction,Ford,Thunderbird
516,q2,319,d320,427,3.9303681272402007,mercedes luxury car auction,Chevrolet,Corvette
517,q2,140,d141,428,3.928518576371573,mercedes luxury car auction,Pontiac,GTO
518,q2,299,d300,429,3.9183229898252505,mercedes luxury car auction,Chevrolet,Camaro
519,q2,381,d382,430,3.9078143035728097,mercedes luxury car auction,Lincoln,Continental Mark VI
520,q2,2337,d2338,431,3.9017460650753075,mercedes luxury car auction,BMW,2800CS
521,q2,654,d655,432,3.900839771969857,mercedes luxury car auction,Porsche,911 Carrera
522,q2,187,d188,433,3.8980897590381325,mercedes luxury car auction,Lincoln,LS
523,q2,2611,d2612,434,3.8980897590381325,mercedes luxury car auction,Ford,3-Window Coupe
524,q2,173,d174,435,3.8874477981722566,mercedes luxury car auction,BMW,740i
525,q2,107,d108,436,3.8643106956842184,mercedes luxury car auction,Ford,Mustang Mach 1
526,q2,1225,d1226,437,3.8636356502574656,mercedes luxury car auction,Ford,Thunderbird
527,q2,1926,d1927,438,3.8622862666874274,mercedes luxury car auction,Lancia,Fulvia
528,q2,2604,d2605,439,3.8622862666874274,mercedes luxury car auction,Chevrolet,Camaro
529,q2,795,d796,440,3.8582437653616366,mercedes luxury car auction,Chevrolet,Corvette
530,q2,873,d874,441,3.8582437653616366,mercedes luxury car auction,Ford,Ranchero
531,q2,375,d376,442,3.8550547464479883,mercedes luxury car auction,Chevrolet,Nova
532,q2,2279,d2280,443,3.8550547464479883,mercedes luxury car auction,Jaguar,XK150
533,q2,2666,d2667,444,3.8466359885026016,mercedes luxury car auction,Ford,Mustang
534,q2,124,d125,445,3.838858315332015,mercedes luxury car auction,Plymouth,GTX
535,q2,21,d22,446,3.8365078075427155,mercedes luxury car auction,Cadillac,Convertible
536,q2,695,d696,447,3.834964606727634,mercedes luxury car auction,Chevrolet,Chevelle Malibu
537,q2,768,d769,448,3.82978526550469,mercedes luxury car auction,Cadillac,Fleetwood Limousine
538,q2,847,d848,449,3.82713449007103,mercedes luxury car auction,Chevrolet,Corvette
539,q2,1735,d1736,450,3.8233505937279992,mercedes luxury car auction,Edsel,Citation
540,q2,561,d562,451,3.8223920519622103,mercedes luxury car auction,McLaren,MP4-12C
541,q2,856,d857,452,3.820407623659796,mercedes luxury car auction,Lotus,Elise
542,q2,312,d313,453,3.8168759155461096,mercedes luxury car auction,Chevrolet,Monte Carlo SS
543,q2,27,d28,454,3.793917928315499,mercedes luxury car auction,Mercedes-Benz,250S
544,q2,1937,d1938,455,3.7926167953235725,mercedes luxury car auction,Chevrolet,Corvette
545,q2,55,d56,456,3.788718745563305,mercedes luxury car auction,Chevrolet,Camaro SS
546,q2,912,d913,457,3.777524933691381,mercedes luxury car auction,Fiat,Spider
547,q2,1002,d1003,458,3.7448432363262083,mercedes luxury car auction,Volkswagen,Karmann Ghia
548,q2,1639,d1640,459,3.7448432363262083,mercedes luxury car auction,BMW,2002TII
549,q2,172,d173,460,3.743892384038392,mercedes luxury car auction,Ford,T Bucket
550,q2,774,d775,461,3.7430969480281027,mercedes luxury car auction,Chevrolet,Roadster
551,q2,1357,d1358,462,3.740941645035127,mercedes luxury car auction,MG,MGB
552,q2,2629,d2630,463,3.728346881972362,mercedes luxury car auction,Porsche,911E
553,q2,126,d127,464,3.7254162404803925,mercedes luxury car auction,Oldsmobile,88 2 Door Hardtop
554,q2,837,d838,465,3.7216550358075713,mercedes luxury car auction,Oldsmobile,Delta 88
555,q2,292,d293,466,3.6999903218140795,mercedes luxury car auction,Chevrolet,Nova
556,q2,302,d303,467,3.697624809508008,mercedes luxury car auction,Mercedes-Benz,G500
557,q2,2517,d2518,468,3.692701154845895,mercedes luxury car auction,Ford,Convertible
558,q2,214,d215,469,3.683149716267913,mercedes luxury car auction,Ford,Deluxe
559,q2,6,d7,470,3.6727606933397103,mercedes luxury car auction,Delahaye,135 Competition
560,q2,2348,d2349,471,3.6704910621783737,mercedes luxury car auction,Volvo,1800S
561,q2,858,d859,472,3.662374075034112,mercedes luxury car auction,Dodge,Charger 500
562,q2,118,d119,473,3.6569242072339674,mercedes luxury car auction,Chevrolet,Corvette
563,q2,568,d569,474,3.6569242072339674,mercedes luxury car auction,Lola,Race Car
564,q2,488,d489,475,3.6500208129490876,mercedes luxury car auction,Chevrolet,Corvette
565,q2,138,d139,476,3.64183149857728,mercedes luxury car auction,Dodge,Dart Swinger
566,q2,1920,d1921,477,3.6352342406243863,mercedes luxury car auction,Porsche,911T
567,q2,1679,d1680,478,3.628964974910477,mercedes luxury car auction,Plymouth,Fury III
568,q2,2151,d2152,479,3.60079040054991,mercedes luxury car auction,Jaguar,XK140
569,q2,1060,d1061,480,3.6000231490605255,mercedes luxury car auction,Nash,Metropolitan
570,q2,1651,d1652,481,3.5944066132951344,mercedes luxury car auction,Tiga,Race Car
571,q2,2640,d2641,482,3.5938099255350573,mercedes luxury car auction,Porsche,911 Carrera
572,q2,364,d365,483,3.5877603449890074,mercedes luxury car auction,Factory Five,GTM
573,q2,874,d875,484,3.584330025520457,mercedes luxury car auction,Ford,Mustang Mach 1
574,q2,960,d961,485,3.581686433227679,mercedes luxury car auction,Porsche,911/930
575,q2,2406,d2407,486,3.5798245048823247,mercedes luxury car auction,Austin-Healey,BN6
576,q2,72,d73,487,3.578666053789311,mercedes luxury car auction,Dodge,Viper
577,q2,2851,d2852,488,3.567391642519539,mercedes luxury car auction,Jaguar,XJS
578,q2,245,d246,489,3.5540358670864505,mercedes luxury car auction,Chevrolet,Camaro ZL1
579,q2,433,d434,490,3.5339906516768647,mercedes luxury car auction,Pontiac,Firebird Formula Trans Am
580,q2,2069,d2070,491,3.5339906516768647,mercedes luxury car auction,Plymouth,Satellite
581,q2,951,d952,492,3.520267153719895,mercedes luxury car auction,Chevrolet,210
582,q2,213,d214,493,3.507872902139866,mercedes luxury car auction,Ford,Thunderbird
583,q2,277,d278,494,3.507872902139866,mercedes luxury car auction,Mercedes-Benz,450SL
584,q2,485,d486,495,3.507872902139866,mercedes luxury car auction,Datsun,240Z
585,q2,2684,d2685,496,3.507872902139866,mercedes luxury car auction,Mercedes-Benz,SL-Class
586,q2,2516,d2517,497,3.5057787876160247,mercedes luxury car auction,Buick,Riviera
587,q2,1510,d1511,498,3.499252562228137,mercedes luxury car auction,Chevrolet,Impala SS
588,q2,2334,d2335,499,3.499252562228137,mercedes luxury car auction,Chevrolet,210
589,q2,628,d629,500,3.4924045022245576,mercedes luxury car auction,Chevrolet,Camaro
590,q2,443,d444,501,3.481480621158691,mercedes luxury car auction,Plymouth,Prowler
591,q2,11,d12,502,3.4788521332300144,mercedes luxury car auction,Dodge,Charger
592,q2,114,d115,503,3.4788521332300144,mercedes luxury car auction,Chevrolet,Camaro
593,q2,1680,d1681,504,3.4788521332300144,mercedes luxury car auction,Ford,Galaxie 500
594,q2,2750,d2751,505,3.4788521332300144,mercedes luxury car auction,Porsche,928
595,q2,730,d731,506,3.4729840892574857,mercedes luxury car auction,Lincoln,Continental
596,q2,830,d831,507,3.465620634793745,mercedes luxury car auction,Porsche,911T
597,q2,64,d65,508,3.4608529998815007,mercedes luxury car auction,Ford,Model T
598,q2,2621,d2622,509,3.4608529998815007,mercedes luxury car auction,Chevrolet,Chevelle Malibu SS
599,q2,896,d897,510,3.4579241278576123,mercedes luxury car auction,Fiat,124 Spider 2000
600,q2,918,d919,511,3.4519230968919064,mercedes luxury car auction,Fiat,124 Spider 2000
601,q2,82,d83,512,3.4378125966532918,mercedes luxury car auction,Ford,GT
602,q2,464,d465,513,3.435324447186713,mercedes luxury car auction,Pontiac,Firebird Trans Am
603,q2,624,d625,514,3.42569604582191,mercedes luxury car auction,Chevrolet,Camaro
604,q2,71,d72,515,3.419053512932415,mercedes luxury car auction,Plymouth,Fury III
605,q2,100,d101,516,3.419053512932415,mercedes luxury car auction,Chevrolet,Chevelle SS
606,q2,376,d377,517,3.419053512932415,mercedes luxury car auction,Cadillac,DeVille
607,q2,702,d703,518,3.419053512932415,mercedes luxury car auction,Hummer,Custom
608,q2,1972,d1973,519,3.419053512932415,mercedes luxury car auction,Volkswagen,Beetle
609,q2,168,d169,520,3.4099348685430924,mercedes luxury car auction,Chevrolet,El Camino
610,q2,188,d189,521,3.3946011317814264,mercedes luxury car auction,Dodge,Coronet
611,q2,427,d428,522,3.3946011317814264,mercedes luxury car auction,Ford,Model A Roadster
612,q2,718,d719,523,3.390999868994298,mercedes luxury car auction,Lotus,Elan
613,q2,115,d116,524,3.386527876993859,mercedes luxury car auction,Volvo,P1800E
614,q2,235,d236,525,3.3825056327399134,mercedes luxury car auction,Pontiac,Firebird Trans Am WS6
615,q2,1776,d1777,526,3.3825056327399134,mercedes luxury car auction,Porsche,911
616,q2,623,d624,527,3.369263756854459,mercedes luxury car auction,Ferrari,348
617,q2,2596,d2597,528,3.3689558308438152,mercedes luxury car auction,Oldsmobile,Delta 88
618,q2,2708,d2709,529,3.367417044670381,mercedes luxury car auction,Porsche,911
619,q2,839,d840,530,3.364343685560936,mercedes luxury car auction,Chevrolet,Corvette
620,q2,2573,d2574,531,3.350549749365886,mercedes luxury car auction,Ford,Thunderbird
621,q2,1064,d1065,532,3.347625529759653,mercedes luxury car auction,Maserati,Ghibli
622,q2,618,d619,533,3.34253319539072,mercedes luxury car auction,Cadillac,Eldorado Biarritz
623,q2,818,d819,534,3.34066488098222,mercedes luxury car auction,Chevrolet,Corvair
624,q2,824,d825,535,3.34066488098222,mercedes luxury car auction,Ford,LTD
625,q2,1815,d1816,536,3.34066488098222,mercedes luxury car auction,Chevrolet,Chevelle Malibu
626,q2,682,d683,537,3.332845841792151,mercedes luxury car auction,Chevrolet,Corvette
627,q2,190,d191,538,3.315328041546012,mercedes luxury car auction,Mercury,Comet
628,q2,393,d394,539,3.315328041546012,mercedes luxury car auction,MG,MK II TD
629,q2,2760,d2761,540,3.314334427714527,mercedes luxury car auction,Triumph,Herald
630,q2,78,d79,541,3.3113571564788287,mercedes luxury car auction,Ford,Galaxie 500
631,q2,379,d380,542,3.3113571564788287,mercedes luxury car auction,Buick,Roadmaster
632,q2,784,d785,543,3.3113571564788287,mercedes luxury car auction,Lincoln,Continental Mark II
633,q2,2759,d2760,544,3.3028032003306356,mercedes luxury car auction,Fiat,Dino
634,q2,511,d512,545,3.2884157913342698,mercedes luxury car auction,Pontiac,Firebird Trans Am WS6
635,q2,2144,d2145,546,3.2638623943166336,mercedes luxury car auction,Chevrolet,Vega
636,q2,26,d27,547,3.2600137652194245,mercedes luxury car auction,Mercedes-Benz,380SL
637,q2,7,d8,548,3.2560700658362536,mercedes luxury car auction,Ford,Thunderbird M Type
638,q2,87,d88,549,3.243378363013827,mercedes luxury car auction,Dodge,Dart
639,q2,13,d14,550,3.21303638391993,mercedes luxury car auction,Ford,Mustang
640,q2,239,d240,551,3.210238247036191,mercedes luxury car auction,Cadillac,Eldorado
641,q2,437,d438,552,3.210238247036191,mercedes luxury car auction,Autobianchi,Bianchina
642,q2,583,d584,553,3.210238247036191,mercedes luxury car auction,Chevrolet,Corvette
643,q2,309,d310,554,3.194501135648971,mercedes luxury car auction,Studebaker,Gran Turismo
644,q2,754,d755,555,3.1908801860399483,mercedes luxury car auction,Chevrolet,Corvette
645,q2,2387,d2388,556,3.190742087765963,mercedes luxury car auction,Chevrolet,Chevelle Malibu
646,q2,2691,d2692,557,3.1854942587880095,mercedes luxury car auction,Chevrolet,Impala SS
647,q2,1644,d1645,558,3.1655803307986194,mercedes luxury car auction,Buick,Apollo
648,q2,1634,d1635,559,3.1646744372408913,mercedes luxury car auction,Ford,Mustang
649,q2,323,d324,560,3.161959864772055,mercedes luxury car auction,Dodge,Dart GTS
650,q2,2702,d2703,561,3.1497725694035887,mercedes luxury car auction,Mercury,Caliente
651,q2,1374,d1375,562,3.1430439691862118,mercedes luxury car auction,Peerless,66
652,q2,217,d218,563,3.137888764537313,mercedes luxury car auction,Chevrolet,Nova
653,q2,283,d284,564,3.127238830016467,mercedes luxury car auction,Chevrolet,Monte Carlo SS Aerocoupe
654,q2,906,d907,565,3.1177467697571544,mercedes luxury car auction,Chevrolet,Corvair Monza
655,q2,316,d317,566,3.1151120734541684,mercedes luxury car auction,Ford,Mustang
656,q2,360,d361,567,3.1151120734541684,mercedes luxury car auction,Cadillac,Coupe DeVille
657,q2,1251,d1252,568,3.1151120734541684,mercedes luxury car auction,Chevrolet,Chevelle Malibu SS
658,q2,438,d439,569,3.113950117763294,mercedes luxury car auction,Lincoln,Continental Mark V
659,q2,2539,d2540,570,3.111810743609694,mercedes luxury car auction,Cadillac,Series 62
660,q2,366,d367,571,3.096750916237496,mercedes luxury car auction,Pontiac,GTO
661,q2,3,d4,572,3.096100670663231,mercedes luxury car auction,Volkswagen,Beetle
662,q2,80,d81,573,3.094800998389378,mercedes luxury car auction,Triumph,TR6
663,q2,1045,d1046,574,3.094800998389378,mercedes luxury car auction,Chevrolet,Corvair
664,q2,2904,d2905,575,3.0882524766078006,mercedes luxury car auction,Mercedes Benz,450SL
665,q2,1770,d1771,576,3.088089370948575,mercedes luxury car auction,Ford,Model T
666,q2,1613,d1614,577,3.0842044377929665,mercedes luxury car auction,Pontiac,Firebird Trans Am
667,q2,374,d375,578,3.074112029801122,mercedes luxury car auction,MG,MGB
668,q2,1,d2,579,3.074020474296022,mercedes luxury car auction,Chevrolet,Nova
669,q2,2714,d2715,580,3.07347125576949,mercedes luxury car auction,Ferrari,250 GTE 2+2
670,q2,396,d397,581,3.0696322142697023,mercedes luxury car auction,Chrysler,New Yorker
671,q2,1828,d1829,582,3.0647666285017827,mercedes luxury car auction,Dodge,Convertible
672,q2,475,d476,583,3.055857819644991,mercedes luxury car auction,Plymouth,Barracuda
673,q2,314,d315,584,3.0499080054973713,mercedes luxury car auction,Jeep,Overlander
674,q2,163,d164,585,3.0306511996382337,mercedes luxury car auction,Military,Truck
675,q2,156,d157,586,3.0296054517351516,mercedes luxury car auction,Chevrolet,Impala SS
676,q2,626,d627,587,3.0279464033725927,mercedes luxury car auction,Chevrolet,Cavalier
677,q2,1886,d1887,588,3.0279464033725927,mercedes luxury car auction,Ferrari,California
678,q2,8,d9,589,3.0254612349631334,mercedes luxury car auction,Ford,Mustang Boss
679,q2,1720,d1721,590,3.0223470959347343,mercedes luxury car auction,Ford,Mustang
680,q2,426,d427,591,3.020734562204741,mercedes luxury car auction,Lincoln,Town Car
681,q2,2035,d2036,592,3.01257186469939,mercedes luxury car auction,Chevrolet,Corvette
682,q2,2,d3,593,2.9857644813805475,mercedes luxury car auction,Chevrolet,Nova
683,q2,258,d259,594,2.9857644813805475,mercedes luxury car auction,Lincoln,Mark V
684,q2,130,d131,595,2.984958567477395,mercedes luxury car auction,Mercury,Cougar
685,q2,270,d271,596,2.984958567477395,mercedes luxury car auction,Ford,Thunderbird
686,q2,317,d318,597,2.984958567477395,mercedes luxury car auction,Ford,Phaeton
687,q2,844,d845,598,2.9787092042111674,mercedes luxury car auction,Porsche,968
688,q2,459,d460,599,2.977949809132342,mercedes luxury car auction,Datsun,1200
689,q2,1650,d1651,600,2.9709458998447182,mercedes luxury car auction,Devin,SS
690,q2,1728,d1729,601,2.969537885307477,mercedes luxury car auction,Hudson,Commodore 8
691,q2,530,d531,602,2.9639191478574145,mercedes luxury car auction,Ford,Mustang
692,q2,75,d76,603,2.940826226387122,mercedes luxury car auction,Chevrolet,Impala
693,q2,1624,d1625,604,2.940826226387122,mercedes luxury car auction,Chevrolet,Corvette
694,q2,1640,d1641,605,2.940826226387122,mercedes luxury car auction,GMC,3500
695,q2,171,d172,606,2.9227177153722512,mercedes luxury car auction,Ford,Custom Deluxe
696,q2,1120,d1121,607,2.9227177153722512,mercedes luxury car auction,Alfa Romeo,Antique
697,q2,486,d487,608,2.921471440617278,mercedes luxury car auction,MG,MGB GT
698,q2,726,d727,609,2.913746832269186,mercedes luxury car auction,Mercury,Cougar
699,q2,1144,d1145,610,2.9033056097391827,mercedes luxury car auction,Studebaker,Gran Turismo
700,q2,442,d443,611,2.9025435898669056,mercedes luxury car auction,Buick,Grand National
701,q2,612,d613,612,2.9025435898669056,mercedes luxury car auction,Chevrolet,Deluxe Business Coupe
702,q2,192,d193,613,2.9002599284161685,mercedes luxury car auction,Lincoln,Continental Mark II
703,q2,216,d217,614,2.9002599284161685,mercedes luxury car auction,Dodge,Challenger R/T
704,q2,560,d561,615,2.9002599284161685,mercedes luxury car auction,Ford,Pickup
705,q2,47,d48,616,2.8959160838805693,mercedes luxury car auction,Buick,GNX
706,q2,616,d617,617,2.890003242906164,mercedes luxury car auction,Pontiac,LeMans
707,q2,416,d417,618,2.8879606050445705,mercedes luxury car auction,Fiat,500L
708,q2,1601,d1602,619,2.8832483780662495,mercedes luxury car auction,Lincoln,Continental Mark III
709,q2,2873,d2874,620,2.8826460598750283,mercedes luxury car auction,Volkswagen,Golf
710,q2,820,d821,621,2.876822217689696,mercedes luxury car auction,Chevrolet,Corvair
711,q2,1053,d1054,622,2.873919112172221,mercedes luxury car auction,Ford,Country Squire
712,q2,180,d181,623,2.864608672332413,mercedes luxury car auction,Chevrolet,Corvette
713,q2,434,d435,624,2.8607975605836478,mercedes luxury car auction,Buick,Roadmaster
714,q2,625,d626,625,2.8607975605836478,mercedes luxury car auction,Buick,Super
715,q2,2674,d2675,626,2.8607975605836478,mercedes luxury car auction,Chevrolet,Camaro
716,q2,706,d707,627,2.8580130210002075,mercedes luxury car auction,Ford,GT
717,q2,303,d304,628,2.844755597918835,mercedes luxury car auction,Ford,Speedster
718,q2,404,d405,629,2.8436583407453897,mercedes luxury car auction,Dodge,Coronet
719,q2,51,d52,630,2.833473030638794,mercedes luxury car auction,Chevrolet,Bel Air
720,q2,348,d349,631,2.822394665938057,mercedes luxury car auction,Cadillac,Eldorado
721,q2,550,d551,632,2.822026754160883,mercedes luxury car auction,Chevrolet,Camaro
722,q2,67,d68,633,2.8057111642421773,mercedes luxury car auction,Ford,Mustang GT
723,q2,1663,d1664,634,2.8057111642421773,mercedes luxury car auction,Rolls-Royce,Dawn
724,q2,79,d80,635,2.8001937410894127,mercedes luxury car auction,Chevrolet,Camaro SS
725,q2,221,d222,636,2.7885204213384025,mercedes luxury car auction,Ford,Mustang
726,q2,237,d238,637,2.785009143040255,mercedes luxury car auction,Mercedes-Benz,380SL
727,q2,275,d276,638,2.785009143040255,mercedes luxury car auction,Ford,Model T
728,q2,939,d940,639,2.785009143040255,mercedes luxury car auction,Pontiac,LeMans
729,q2,215,d216,640,2.775550093883335,mercedes luxury car auction,Chevrolet,Corvette
730,q2,639,d640,641,2.757824071465279,mercedes luxury car auction,Chevrolet,Corvette
731,q2,461,d462,642,2.7506520814380027,mercedes luxury car auction,Chevrolet,210
732,q2,714,d715,643,2.748601091996965,mercedes luxury car auction,Cadillac,Fleetwood
733,q2,2650,d2651,644,2.734127431440987,mercedes luxury car auction,Mercedes-Benz,190SL
734,q2,2599,d2600,645,2.733789484423082,mercedes luxury car auction,Pontiac,Firebird Trans Am SE
735,q2,645,d646,646,2.7327761444397356,mercedes luxury car auction,Ford,Mustang Shelby GT350
736,q2,346,d347,647,2.716331492622373,mercedes luxury car auction,Cadillac,XLR-V
737,q2,349,d350,648,2.7151310515011553,mercedes luxury car auction,Pontiac,Firebird Trans Am WS6
738,q2,353,d354,649,2.7151310515011553,mercedes luxury car auction,Plymouth,Satellite
739,q2,241,d242,650,2.713132672415164,mercedes luxury car auction,Pontiac,Firebird Trans Am WS6
740,q2,723,d724,651,2.713132672415164,mercedes luxury car auction,Ford,Mustang
741,q2,1715,d1716,652,2.713132672415164,mercedes luxury car auction,Ford,2-Dr Sedan
742,q2,29,d30,653,2.7073875438062176,mercedes luxury car auction,Ford,Mustang
743,q2,1628,d1629,654,2.7073875438062176,mercedes luxury car auction,Chevrolet,Corvette
744,q2,738,d739,655,2.702366327590154,mercedes luxury car auction,Ford,Galaxie
745,q2,177,d178,656,2.6990291845842176,mercedes luxury car auction,Ford,Torino
746,q2,1103,d1104,657,2.697712359741115,mercedes luxury car auction,Dodge,Viper
747,q2,14,d15,658,2.695437455138969,mercedes luxury car auction,MG,MGB
748,q2,620,d621,659,2.694037801909083,mercedes luxury car auction,Mercury,Cyclone GT
749,q2,101,d102,660,2.6805157395633965,mercedes luxury car auction,Chevrolet,Corvette
750,q2,384,d385,661,2.6785679722142164,mercedes luxury car auction,Chevrolet,Camaro IROC Z28
751,q2,846,d847,662,2.6785679722142164,mercedes luxury car auction,Ford,Fairlane
752,q2,1741,d1742,663,2.6785679722142164,mercedes luxury car auction,Pontiac,Grand Ville
753,q2,2660,d2661,664,2.667327223850046,mercedes luxury car auction,Chevrolet,Corvette
754,q2,1846,d1847,665,2.66051381122908,mercedes luxury car auction,Ferrari,365 GTB/4
755,q2,2608,d2609,666,2.658564055220653,mercedes luxury car auction,Chevrolet,Bel Air
756,q2,63,d64,667,2.644872886339715,mercedes luxury car auction,Ford,Roadster
757,q2,900,d901,668,2.644872886339715,mercedes luxury car auction,Chevrolet,Corvette
758,q2,2612,d2613,669,2.644872886339715,mercedes luxury car auction,Cadillac,Eldorado
759,q2,771,d772,670,2.6302166374344207,mercedes luxury car auction,Cadillac,Eldorado
760,q2,22,d23,671,2.6253672505205703,mercedes luxury car auction,Pontiac,Firebird
761,q2,352,d353,672,2.622949256576744,mercedes luxury car auction,Sunbeam,Tiger
762,q2,1687,d1688,673,2.622949256576744,mercedes luxury car auction,Chevrolet,Corvette Stingray
763,q2,167,d168,674,2.612015004517898,mercedes luxury car auction,Oldsmobile,Super 88
764,q2,193,d194,675,2.612015004517898,mercedes luxury car auction,Lincoln,Continental Mark IV
765,q2,76,d77,676,2.5977196655933685,mercedes luxury car auction,Ford,Mustang GT
766,q2,446,d447,677,2.5977196655933685,mercedes luxury car auction,Porsche,924
767,q2,2659,d2660,678,2.5929892613837158,mercedes luxury car auction,Ford,Bronco
768,q2,2194,d2195,679,2.590630513892428,mercedes luxury car auction,Triumph,TR6
769,q2,345,d346,680,2.583062694150399,mercedes luxury car auction,Chevrolet,Camaro
770,q2,81,d82,681,2.5799635072741385,mercedes luxury car auction,Volkswagen,Karmann Ghia
771,q2,877,d878,682,2.5799635072741385,mercedes luxury car auction,Chevrolet,Corvette
772,q2,1888,d1889,683,2.5799635072741385,mercedes luxury car auction,Mercury,Cougar XR7
773,q2,2673,d2674,684,2.5765255585388465,mercedes luxury car auction,Porsche,930 Turbo
774,q2,2689,d2690,685,2.566015909496706,mercedes luxury car auction,Porsche,911 Carrera S
775,q2,389,d390,686,2.5614001621411244,mercedes luxury car auction,Lincoln,Continental
776,q2,46,d47,687,2.5486890695142317,mercedes luxury car auction,Oldsmobile,442
777,q2,162,d163,688,2.5486890695142317,mercedes luxury car auction,Chevrolet,Camaro RS
778,q2,267,d268,689,2.5486890695142317,mercedes luxury car auction,Lincoln,Continental Mark IV
779,q2,419,d420,690,2.5486890695142317,mercedes luxury car auction,Volkswagen,Beetle
780,q2,671,d672,691,2.5486890695142317,mercedes luxury car auction,Pontiac,Firebird
781,q2,740,d741,692,2.5486890695142317,mercedes luxury car auction,Ford,Crown Victoria
782,q2,845,d846,693,2.5486890695142317,mercedes luxury car auction,Chevrolet,Truck
783,q2,2740,d2741,694,2.5486890695142317,mercedes luxury car auction,BMW,Alpina B3
784,q2,2895,d2896,695,2.5486890695142317,mercedes luxury car auction,Triumph,Stag
785,q2,351,d352,696,2.547911202447738,mercedes luxury car auction,Chevrolet,Nova II SS
786,q2,1702,d1703,697,2.5407649115092137,mercedes luxury car auction,Buick,Wildcat
787,q2,161,d162,698,2.535076677015635,mercedes luxury car auction,Chevrolet,Corvette
788,q2,2658,d2659,699,2.535076677015635,mercedes luxury car auction,Chevrolet,Corvette C4
789,q2,219,d220,700,2.533415870769822,mercedes luxury car auction,Chevrolet,Nova
790,q2,878,d879,701,2.51988516695572,mercedes luxury car auction,Rolls-Royce,Silver Cloud II
791,q2,401,d402,702,2.5181637710344575,mercedes luxury car auction,Cadillac,Coupe DeVille
792,q2,1216,d1217,703,2.5181637710344575,mercedes luxury car auction,Chevrolet,El Camino
793,q2,1678,d1679,704,2.5181637710344575,mercedes luxury car auction,Chrysler,300
794,q2,1620,d1621,705,2.5104280013881257,mercedes luxury car auction,Ford,Super Deluxe
795,q2,141,d142,706,2.5048746433340705,mercedes luxury car auction,Plymouth,Belvedere
796,q2,311,d312,707,2.4982825391832715,mercedes luxury car auction,Ford,Deluxe
797,q2,232,d233,708,2.4906026882684222,mercedes luxury car auction,Dodge,Coronet
798,q2,183,d184,709,2.4883610133863736,mercedes luxury car auction,Willys-Knight,Model 56
799,q2,1684,d1685,710,2.4883610133863736,mercedes luxury car auction,Chevrolet,1/2 Ton Shortbox
800,q2,2823,d2824,711,2.4883610133863736,mercedes luxury car auction,Opel,Manta
801,q2,815,d816,712,2.4808069929928678,mercedes luxury car auction,Ford,Mustang
802,q2,96,d97,713,2.459255442576054,mercedes luxury car auction,Dodge,Ramcharger
803,q2,444,d445,714,2.459255442576054,mercedes luxury car auction,Datsun,280ZX
804,q2,2524,d2525,715,2.459255442576054,mercedes luxury car auction,Chevrolet,210
805,q2,2751,d2752,716,2.459255442576054,mercedes luxury car auction,Honda,S2000
806,q2,400,d401,717,2.451876840667688,mercedes luxury car auction,Chevrolet,Corvette
807,q2,304,d305,718,2.4465792323510223,mercedes luxury car auction,Backdraft Racing,Cobra
808,q2,2616,d2617,719,2.4465792323510223,mercedes luxury car auction,Chevrolet,Chevelle Malibu SS
809,q2,37,d38,720,2.438200776260713,mercedes luxury car auction,Ford,Mustang
810,q2,66,d67,721,2.430822877125577,mercedes luxury car auction,Lincoln,Continental
811,q2,306,d307,722,2.430822877125577,mercedes luxury car auction,Chevrolet,Chevelle SS
812,q2,1725,d1726,723,2.4046077908478853,mercedes luxury car auction,Ford,Mustang Shelby GT500
813,q2,2625,d2626,724,2.4046077908478853,mercedes luxury car auction,Chevrolet,Bel Air
814,q2,109,d110,725,2.403040241067763,mercedes luxury car auction,Citroen,DS21 Pallas
815,q2,144,d145,726,2.3774178130078756,mercedes luxury car auction,Volvo,PV544
816,q2,1767,d1768,727,2.375885501483931,mercedes luxury car auction,Honda,Civic
817,q2,2716,d2717,728,2.375885501483931,mercedes luxury car auction,Porsche,911
818,q2,1761,d1762,729,2.364052114689902,mercedes luxury car auction,Chevrolet,Corvette
819,q2,244,d245,730,2.3601338035079404,mercedes luxury car auction,Chevrolet,Camaro RS
820,q2,638,d639,731,2.3601338035079404,mercedes luxury car auction,Porsche,356
821,q2,1764,d1765,732,2.358179514703536,mercedes luxury car auction,Pontiac,GTO
822,q2,2119,d2120,733,2.358179514703536,mercedes luxury car auction,Ford,Thunderbird
823,q2,45,d46,734,2.3572190025091757,mercedes luxury car auction,Ford,Super Deluxe
824,q2,1697,d1698,735,2.351335699342924,mercedes luxury car auction,Mercedes-Benz,300SEL
825,q2,92,d93,736,2.3493376102293375,mercedes luxury car auction,Ford,500XL
826,q2,934,d935,737,2.3493376102293375,mercedes luxury car auction,Chevrolet,Corvette
827,q2,2572,d2573,738,2.3253306048237925,mercedes luxury car auction,Mercury,Cougar
828,q2,339,d340,739,2.3248417578864933,mercedes luxury car auction,Mercury,Monarch
829,q2,1788,d1789,740,2.3248417578864933,mercedes luxury car auction,Chevrolet,Camaro RS/SS
830,q2,2619,d2620,741,2.3248417578864933,mercedes luxury car auction,Ford,Mustang
831,q2,610,d611,742,2.32337644952236,mercedes luxury car auction,Chevrolet,Camaro Z28
832,q2,871,d872,743,2.30831110157076,mercedes luxury car auction,Studebaker,Gran Turismo
833,q2,891,d892,744,2.300133616336991,mercedes luxury car auction,Land Rover,Series I
834,q2,1631,d1632,745,2.2998944358391866,mercedes luxury car auction,Oldsmobile,Cutlass
835,q2,2641,d2642,746,2.2998944358391866,mercedes luxury car auction,Chevrolet,Station Wagon
836,q2,805,d806,747,2.299416224040343,mercedes luxury car auction,Backdraft Racing,Cobra
837,q2,178,d179,748,2.297982781101826,mercedes luxury car auction,Volvo,122
838,q2,441,d442,749,2.297982781101826,mercedes luxury car auction,Volkswagen,Bus
839,q2,2774,d2775,750,2.297982781101826,mercedes luxury car auction,Ford,Mustang
840,q2,2835,d2836,751,2.297982781101826,mercedes luxury car auction,Volkswagen,Karmann Ghia
841,q2,2836,d2837,752,2.297982781101826,mercedes luxury car auction,Jaguar,XJS
842,q2,728,d729,753,2.2915389255554284,mercedes luxury car auction,Austin-Healey,3000 Mark III
843,q2,1656,d1657,754,2.279588682137066,mercedes luxury car auction,Chevrolet,Impala SS
844,q2,9,d10,755,2.2750087244327823,mercedes luxury car auction,Honda,S2000
845,q2,462,d463,756,2.2750087244327823,mercedes luxury car auction,Saab,900 Turbo
846,q2,761,d762,757,2.2750087244327823,mercedes luxury car auction,Porsche,356C
847,q2,286,d287,758,2.273138198682452,mercedes luxury car auction,Plymouth,Prowler
848,q2,357,d358,759,2.273138198682452,mercedes luxury car auction,Lincoln,Continental
849,q2,1589,d1590,760,2.273138198682452,mercedes luxury car auction,Chevrolet,El Camino
850,q2,2789,d2790,761,2.273138198682452,mercedes luxury car auction,Ferrari,348
851,q2,2827,d2828,762,2.273138198682452,mercedes luxury car auction,Austin Healey,3000 MKIII
852,q2,2866,d2867,763,2.273138198682452,mercedes luxury car auction,Volkswagen,Beetle
853,q2,1004,d1005,764,2.256925295467565,mercedes luxury car auction,Austin-Healey,3000 Mark III
854,q2,350,d351,765,2.250197836544071,mercedes luxury car auction,Mercury,2-Dr Coupe
855,q2,1157,d1158,766,2.250197836544071,mercedes luxury car auction,Chevrolet,Camaro RS/SS
856,q2,18,d19,767,2.248825083461447,mercedes luxury car auction,Chevrolet,Corvette
857,q2,385,d386,768,2.248825083461447,mercedes luxury car auction,Ford,Custom 300
858,q2,696,d697,769,2.248825083461447,mercedes luxury car auction,Fiat,124 Spider 2000
859,q2,1683,d1684,770,2.248825083461447,mercedes luxury car auction,International,1/2 Ton Pickup
860,q2,182,d183,771,2.2448766351790423,mercedes luxury car auction,Chevrolet,Impala SS
861,q2,842,d843,772,2.2426535986948544,mercedes luxury car auction,Buick,Riviera
862,q2,881,d882,773,2.2414233642715704,mercedes luxury car auction,BMW,Z3
863,q2,763,d764,774,2.234708105895497,mercedes luxury car auction,Chevrolet,Custom
864,q2,116,d117,775,2.2266657432771924,mercedes luxury car auction,Chevrolet,Camaro
865,q2,764,d765,776,2.226370405868272,mercedes luxury car auction,Pontiac,Firebird Trans Am
866,q2,1076,d1077,777,2.225026562450272,mercedes luxury car auction,Ford,2-Dr Sedan
867,q2,153,d154,778,2.221161170214634,mercedes luxury car auction,Shelby,Cobra
868,q2,2698,d2699,779,2.2189848323435517,mercedes luxury car auction,Porsche,356
869,q2,113,d114,780,2.2017264694244476,mercedes luxury car auction,Mercury,Cougar
870,q2,1726,d1727,781,2.1806279110635347,mercedes luxury car auction,Ford,Granada
871,q2,755,d756,782,2.178909308301503,mercedes luxury car auction,Triumph,Spitfire
872,q2,1682,d1683,783,2.1565602187727144,mercedes luxury car auction,Ford,Highboy
873,q2,2707,d2708,784,2.1565602187727144,mercedes luxury car auction,Dodge,Coronet
874,q2,2762,d2763,785,2.1565602187727144,mercedes luxury car auction,Ferrari,328
875,q2,2692,d2693,786,2.143574517180483,mercedes luxury car auction,Nissan,370Z
876,q2,240,d241,787,2.1419622921365584,mercedes luxury car auction,MG,MGB
877,q2,899,d900,788,2.135901822562574,mercedes luxury car auction,Alfa Romeo,Duetto
878,q2,2521,d2522,789,2.135901822562574,mercedes luxury car auction,Chevrolet,Corvette Stingray
879,q2,848,d849,790,2.134664944028468,mercedes luxury car auction,Ford,Thunderbird
880,q2,2688,d2689,791,2.134664944028468,mercedes luxury car auction,Chevrolet,Bel Air
881,q2,2527,d2528,792,2.1311068841920373,mercedes luxury car auction,Ford,Mustang
882,q2,727,d728,793,2.1251076015304466,mercedes luxury car auction,Lincoln,Continental
883,q2,517,d518,794,2.1219408102359965,mercedes luxury car auction,Chevrolet,Nova SS
884,q2,1759,d1760,795,2.115028521723732,mercedes luxury car auction,Chevrolet,210
885,q2,20,d21,796,2.114421933554108,mercedes luxury car auction,Ford,5-Window Coupe
886,q2,905,d906,797,2.113209800429937,mercedes luxury car auction,Volkswagen,Beetle
887,q2,1188,d1189,798,2.113209800429937,mercedes luxury car auction,Triumph,TR3A
888,q2,1833,d1834,799,2.113209800429937,mercedes luxury car auction,Toyota,Land Cruiser FJ
889,q2,382,d383,800,2.093369771942552,mercedes luxury car auction,Chevrolet,210
890,q2,770,d771,801,2.093369771942552,mercedes luxury car auction,Fiat,500
891,q2,643,d644,802,2.092181648991513,mercedes luxury car auction,Chevrolet,Camaro
892,q2,851,d852,803,2.092181648991513,mercedes luxury car auction,Chevrolet,El Camino
893,q2,1925,d1926,804,2.092181648991513,mercedes luxury car auction,Chevrolet,Camaro
894,q2,450,d451,805,2.0715678685490984,mercedes luxury car auction,Chevrolet,Camaro IROC Z28
895,q2,2672,d2673,806,2.0715678685490984,mercedes luxury car auction,Ford,Mustang
896,q2,2917,d2918,807,2.0715678685490984,mercedes luxury car auction,Triumph,TR6
897,q2,65,d66,808,2.068216875392487,mercedes luxury car auction,Chevrolet,Corvette Stingray
898,q2,1084,d1085,809,2.046219855393431,mercedes luxury car auction,Oldsmobile,442
899,q2,747,d748,810,2.042528869317153,mercedes luxury car auction,Shelby,Cobra Replica
900,q2,2519,d2520,811,2.0333283239764706,mercedes luxury car auction,Shelby,Cobra
901,q2,2111,d2112,812,2.0330292794043703,mercedes luxury car auction,Ford,Mustang
902,q2,630,d631,813,2.0315353750020133,mercedes luxury car auction,Chevrolet,Camaro Z28
903,q2,744,d745,814,2.0315353750020133,mercedes luxury car auction,Chevrolet,Corvair
904,q2,672,d673,815,2.024481426525034,mercedes luxury car auction,Chevrolet,Brookwood
905,q2,212,d213,816,2.022877318000038,mercedes luxury car auction,Ford,Roadster
906,q2,296,d297,817,2.022877318000038,mercedes luxury car auction,Chevrolet,Chevelle
907,q2,514,d515,818,2.0177178166439598,mercedes luxury car auction,Chevrolet,Corvette
908,q2,1808,d1809,819,2.013192666879866,mercedes luxury car auction,Ford,Mustang
909,q2,358,d359,820,2.012093788552143,mercedes luxury car auction,Cadillac,2-Dr Coupe
910,q2,491,d492,821,2.012093788552143,mercedes luxury car auction,Ford,Thunderbird
911,q2,1796,d1797,822,2.012093788552143,mercedes luxury car auction,Buick,Riviera
912,q2,2020,d2021,823,2.012093788552143,mercedes luxury car auction,Volkswagen,Beetle
913,q2,2618,d2619,824,1.994098921371183,mercedes luxury car auction,BMW,325i
914,q2,308,d309,825,1.9930207828233546,mercedes luxury car auction,Lucid,Air (Dream Edition)
915,q2,1832,d1833,826,1.9930207828233546,mercedes luxury car auction,Mercury,Cougar XR7
916,q2,840,d841,827,1.988171946146441,mercedes luxury car auction,Triumph,TR3
917,q2,285,d286,828,1.9661278688855215,mercedes luxury car auction,Ford,Bronco
918,q2,355,d356,829,1.9569777498738141,mercedes luxury car auction,Porsche,356C
919,q2,808,d809,830,1.9559393674609145,mercedes luxury car auction,Chevrolet,Chevelle
920,q2,2540,d2541,831,1.9559393674609145,mercedes luxury car auction,Pontiac,LeMans
921,q2,2536,d2537,832,1.9503376882555932,mercedes luxury car auction,Ford,Galaxie 500
922,q2,256,d257,833,1.9379113329089173,mercedes luxury car auction,Ford,Expedition
923,q2,386,d387,834,1.9379113329089173,mercedes luxury car auction,Mercedes-Benz,380SL
924,q2,861,d862,835,1.9379113329089173,mercedes luxury car auction,Ford,Mustang
925,q2,1690,d1691,836,1.9300313590849505,mercedes luxury car auction,Ford,Thunderbird
926,q2,481,d482,837,1.9128673386805122,mercedes luxury car auction,Ford,Bronco
927,q2,315,d316,838,1.9041447682724808,mercedes luxury car auction,Chevrolet,Camaro
928,q2,249,d250,839,1.9028342119204917,mercedes luxury car auction,Ford,Thunderbird
929,q2,1107,d1108,840,1.9028342119204917,mercedes luxury car auction,Ford,XL
930,q2,191,d192,841,1.881425992175866,mercedes luxury car auction,Mercury,Monterey
931,q2,760,d761,842,1.881425992175866,mercedes luxury car auction,Chevrolet,Corvair Monza
932,q2,686,d687,843,1.875830753359101,mercedes luxury car auction,Chevrolet,Impala
933,q2,305,d306,844,1.8699524464729727,mercedes luxury car auction,Chevrolet,Corvette
934,q2,2683,d2684,845,1.8699524464729727,mercedes luxury car auction,Cadillac,Show Car
935,q2,1657,d1658,846,1.8690043404173904,mercedes luxury car auction,Honda,S2000
936,q2,584,d585,847,1.8616737258367888,mercedes luxury car auction,Chevrolet,Camaro Z28
937,q2,604,d605,848,1.8616737258367888,mercedes luxury car auction,Lotus,Europa
938,q2,1606,d1607,849,1.8513684671172537,mercedes luxury car auction,Lola,T492
939,q2,242,d243,850,1.8363563571061672,mercedes luxury car auction,Chevrolet,Camaro Z28
940,q2,85,d86,851,1.8204563860824623,mercedes luxury car auction,Chevrolet,Nova SS
941,q2,1739,d1740,852,1.8204563860824623,mercedes luxury car auction,Ford,Thunderbird
942,q2,363,d364,853,1.8135009466651701,mercedes luxury car auction,Sunbeam,Tiger
943,q2,32,d33,854,1.8111942628276525,mercedes luxury car auction,Chevrolet,Corvette Stingray
944,q2,2749,d2750,855,1.8048293892413425,mercedes luxury car auction,Jaguar,E-Type
945,q2,158,d159,856,1.7979926255771668,mercedes luxury car auction,Pontiac,Firebird Trans Am
946,q2,1769,d1770,857,1.7743666738268309,mercedes luxury car auction,Nissan,Skyline
947,q2,2661,d2662,858,1.7705223799503558,mercedes luxury car auction,Jaguar,E-Type
948,q2,336,d337,859,1.7622522632467144,mercedes luxury car auction,Chevrolet,Tahoe
949,q2,359,d360,860,1.7449152165418256,mercedes luxury car auction,Chevrolet,Business Coupe
950,q2,320,d321,861,1.7305531031330916,mercedes luxury car auction,Dodge,Coronet R/T
951,q2,641,d642,862,1.7305531031330916,mercedes luxury car auction,Lamborghini,Murcielago
952,q2,713,d714,863,1.7305531031330916,mercedes luxury car auction,Cadillac,DeVille
953,q2,2136,d2137,864,1.7164254840795719,mercedes luxury car auction,Land Rover,Defender
954,q2,2697,d2698,865,1.7164254840795719,mercedes luxury car auction,Alfa Romeo,2000 Spider Veloce
955,q2,329,d330,866,1.704388809869131,mercedes luxury car auction,Ford,2-Dr Sedan
956,q2,250,d251,867,1.6944230067473574,mercedes luxury car auction,Ford,Mustang
957,q2,238,d239,868,1.6753935360861225,mercedes luxury car auction,Chevrolet,Camaro RS Z28
958,q2,338,d339,869,1.6753935360861225,mercedes luxury car auction,Buick,Super
959,q2,617,d618,870,1.6753935360861225,mercedes luxury car auction,Chevrolet,Corvette
960,q2,1753,d1754,871,1.6675455219347408,mercedes luxury car auction,Chevrolet,Corvette
961,q2,293,d294,872,1.6491116825399026,mercedes luxury car auction,Pontiac,GTO
962,q2,1723,d1724,873,1.6491116825399026,mercedes luxury car auction,Ford,Fairlane Crown Victoria Skyliner
963,q2,2869,d2870,874,1.6491116825399026,mercedes luxury car auction,Porsche,Boxster
964,q2,1729,d1730,875,1.6434018896273328,mercedes luxury car auction,Porsche,356B
965,q2,1865,d1866,876,1.6434018896273328,mercedes luxury car auction,Cadillac,Eldorado Seville
966,q2,119,d120,877,1.6362775613907015,mercedes luxury car auction,Plymouth,Cuda
967,q2,255,d256,878,1.6362775613907015,mercedes luxury car auction,Chevrolet,Monte Carlo SS
968,q2,0,d1,879,1.6298246830831151,mercedes luxury car auction,Lola,T-70
969,q2,222,d223,880,1.6236416592993144,mercedes luxury car auction,Ford,3-Window Coupe
970,q2,35,d36,881,1.6111994193074841,mercedes luxury car auction,MG,MGA
971,q2,230,d231,882,1.6111994193074841,mercedes luxury car auction,Honda,Accord
972,q2,362,d363,883,1.6111994193074841,mercedes luxury car auction,Jaguar,XK120
973,q2,452,d453,884,1.6111994193074841,mercedes luxury car auction,Plymouth,Barracuda
974,q2,489,d490,885,1.598946423077641,mercedes luxury car auction,Chevrolet,Corvette
975,q2,664,d665,886,1.5868783856617081,mercedes luxury car auction,Porsche,356SC
976,q2,254,d255,887,1.5749911505050271,mercedes luxury car auction,Ford,Galaxie
977,q2,715,d716,888,1.5517430742901053,mercedes luxury car auction,Chevrolet,Corvette
978,q2,1677,d1678,889,1.5466865902265097,mercedes luxury car auction,Ford,Galaxie
979,q2,942,d943,890,1.5410184673152298,mercedes luxury car auction,Chevrolet,Custom
980,q2,356,d357,891,1.5403745201769241,mercedes luxury car auction,Dodge,Challenger R/T
981,q2,621,d622,892,1.5403745201769241,mercedes luxury car auction,Mercury,Comet Caliente
982,q2,2057,d2058,893,1.5291713336808412,mercedes luxury car auction,Pontiac,GTO
983,q2,526,d527,894,1.5242606507570873,mercedes luxury car auction,Plymouth,Satellite
984,q2,1744,d1745,895,1.5116832693102429,mercedes luxury car auction,Dodge,Charger
985,q2,2637,d2638,896,1.5081718394575396,mercedes luxury car auction,MG,MGB
986,q2,142,d143,897,1.5072468377894828,mercedes luxury car auction,Chevrolet,Fleetmaster
987,q2,753,d754,898,1.5072468377894828,mercedes luxury car auction,Ford,Sedan
988,q2,2598,d2599,899,1.5072468377894828,mercedes luxury car auction,Volkswagen,Bus
989,q2,398,d399,900,1.4965186686564265,mercedes luxury car auction,Ford,Roadster
990,q2,2761,d2762,901,1.4965186686564265,mercedes luxury car auction,Ford,Mustang
991,q2,732,d733,902,1.4859421405087911,mercedes luxury car auction,Chevrolet,Camaro RS
992,q2,60,d61,903,1.4652313258886553,mercedes luxury car auction,Buick,Roadmaster
993,q2,301,d302,904,1.4652313258886553,mercedes luxury car auction,Mazda,RX-7
994,q2,466,d467,905,1.4652313258886553,mercedes luxury car auction,Oldsmobile,98
995,q2,218,d219,906,1.4550909181835399,mercedes luxury car auction,Chevrolet,Camaro
996,q2,711,d712,907,1.4450899029665472,mercedes luxury car auction,Chevrolet,Bel Air
997,q2,53,d54,908,1.425494709154475,mercedes luxury car auction,Cadillac,Coupe DeVille
998,q2,606,d607,909,1.425494709154475,mercedes luxury car auction,Ford,F100
999,q2,872,d873,910,1.4158950510687427,mercedes luxury car auction,Volkswagen,Beetle
1000,q2,1765,d1766,911,1.4158950510687427,mercedes luxury car auction,Mercury,Cyclone GT
1001,q2,1626,d1627,912,1.4116839559659609,mercedes luxury car auction,Chevrolet,Corvette
1002,q2,2643,d2644,913,1.4116839559659609,mercedes luxury car auction,Ford,Bronco
1003,q2,637,d638,914,1.4064238213811233,mercedes luxury car auction,Chevrolet,Impala SS
1004,q2,2001,d2002,915,1.3970784599604986,mercedes luxury car auction,Lawil,S3
1005,q2,136,d137,916,1.3787554371631632,mercedes luxury car auction,Chevrolet,Chevy II Nova
1006,q2,757,d758,917,1.3787554371631632,mercedes luxury car auction,Porsche,914
1007,q2,1880,d1881,918,1.3787554371631632,mercedes luxury car auction,Ford,Mustang
1008,q2,1063,d1064,919,1.365831387967593,mercedes luxury car auction,BMW,2002TII
1009,q2,614,d615,920,1.3609068142707614,mercedes luxury car auction,Pontiac,Parisienne
1010,q2,2950,d2951,921,1.3609068142707614,mercedes luxury car auction,Ferrari,F430
1011,q2,1747,d1748,922,1.352650849618748,mercedes luxury car auction,Chevrolet,Nova
1012,q2,1727,d1728,923,1.343514402767495,mercedes luxury car auction,Austin-Healey,100-6
1013,q2,2839,d2840,924,1.343514402767495,mercedes luxury car auction,Toyota,Land Cruiser
1014,q2,892,d893,925,1.3397222693390831,mercedes luxury car auction,Oldsmobile,88
1015,q2,340,d341,926,1.334983845002985,mercedes luxury car auction,Chevrolet,3100
1016,q2,2682,d2683,927,1.310029992989012,mercedes luxury car auction,Chevrolet,Impala
1017,q2,1762,d1763,928,1.3019180669164592,mercedes luxury car auction,Chevrolet,Corvette
1018,q2,449,d450,929,1.2859919104719821,mercedes luxury car auction,Chevrolet,Sedan Delivery
1019,q2,151,d152,930,1.2781740605744862,mercedes luxury car auction,Nissan,300ZX
1020,q2,2534,d2535,931,1.2781740605744862,mercedes luxury car auction,Honda,CL175
1021,q2,959,d960,932,1.2552806146408413,mercedes luxury car auction,Ford,F100
1022,q2,1938,d1939,933,1.2404685476957513,mercedes luxury car auction,Chevrolet,Camaro RS/SS
1023,q2,699,d700,934,1.2336055194305482,mercedes luxury car auction,Pontiac,GTO
1024,q2,313,d314,935,1.2188944713912127,mercedes luxury car auction,Cadillac,Seville
1025,q2,19,d20,936,1.210637164352435,mercedes luxury car auction,Land Rover,Defender
1026,q2,786,d787,937,1.208782668228429,mercedes luxury car auction,BMW,8 Series
1027,q2,1714,d1715,938,1.1980579942129517,mercedes luxury car auction,Chevrolet,210
1028,q2,288,d289,939,1.1977040414526814,mercedes luxury car auction,Chevrolet,Camaro
1029,q2,2605,d2606,940,1.1845583172931897,mercedes luxury car auction,Ford,3-Window Coupe
1030,q2,693,d694,941,1.168842469719815,mercedes luxury car auction,Jeep,Grand Wagoneer
1031,q2,369,d370,942,1.158451532004326,mercedes luxury car auction,BMW,M6
1032,q2,1835,d1836,943,1.1213799601539785,mercedes luxury car auction,Volkswagen,Thing
1033,q2,603,d604,944,1.0810206340758866,mercedes luxury car auction,Volkswagen,Beetle
1034,q2,806,d807,945,1.0592362197168856,mercedes luxury car auction,Ferrari,246 GT
1035,q2,94,d95,946,1.043465508941641,mercedes luxury car auction,Chevrolet,Chevelle SS
1036,q2,347,d348,947,1.0383124483330657,mercedes luxury car auction,Chevrolet,Nova
1037,q2,1649,d1650,948,1.0084321395530138,mercedes luxury car auction,BMW,R80
1038,q2,519,d520,949,1.003618490501341,mercedes luxury car auction,Ford,Model 40
1039,q2,453,d454,950,0.9991213070758524,mercedes luxury car auction,Ford,Bronco
1040,q2,487,d488,951,0.9711680807101761,mercedes luxury car auction,Ford,Thunderbird
1041,q2,649,d650,952,0.9324065159483296,mercedes luxury car auction,Chevrolet,Bel Air
1042,q2,248,d249,953,0.9282898276716325,mercedes luxury car auction,Chevrolet,Corvette
1043,q2,111,d112,954,0.9082398794977173,mercedes luxury car auction,Chevrolet,Bel Air
1044,q2,930,d931,955,0.8779012935720983,mercedes luxury car auction,Ford,Bronco
1045,q2,62,d63,956,0.8670404046655477,mercedes luxury car auction,Land Rover,Defender
1046,q2,233,d234,957,0.8634795807368882,mercedes luxury car auction,Ford,Mustang
1047,q2,545,d546,958,0.852970459342808,mercedes luxury car auction,Chevrolet,Camaro RS/SS
1048,q2,602,d603,959,0.8327013984940805,mercedes luxury car auction,Chevrolet,Camaro
1049,q2,1695,d1696,960,0.8229238653347314,mercedes luxury car auction,Ford,Mustang GT
1050,q2,1596,d1597,961,0.807128437199971,mercedes luxury car auction,Chevrolet,Corvair
1051,q2,105,d106,962,0.7715844258191303,mercedes luxury car auction,Pontiac,Custom
1052,q2,597,d598,963,0.7715844258191303,mercedes luxury car auction,Chevrolet,Silverado
1053,q2,1885,d1886,964,0.7576817192146688,mercedes luxury car auction,Jeep,CJ7
1054,q2,2542,d2543,965,0.7549610830576096,mercedes luxury car auction,Oldsmobile,Super 88
1055,q2,2652,d2653,966,0.7390389146198704,mercedes luxury car auction,Ford,Super Deluxe
1056,q2,1842,d1843,967,0.6859910928225716,mercedes luxury car auction,Oldsmobile,68
1057,q2,890,d891,968,0.6519568268809357,mercedes luxury car auction,Jeep,Jeepster Commando
1058,q2,269,d270,969,0.6361754524855726,mercedes luxury car auction,Chevrolet,Camaro RS
1059,q2,225,d226,970,0.6342563383040983,mercedes luxury car auction,Ford,T Bucket
1060,q2,2528,d2529,971,0.6156833694632189,mercedes luxury car auction,Ford,F250
1061,q2,704,d705,972,0.5848558987541099,mercedes luxury car auction,Ford,GT
1062,q2,1632,d1633,973,0.564444509223005,mercedes luxury car auction,Jeep,Grand Wagoneer
1063,q2,987,d988,974,0.5121931375137256,mercedes luxury car auction,Dodge,Ram 1500
1064,q2,425,d426,975,0.3566656483576817,mercedes luxury car auction,Chevrolet,Blazer
1065,q2,231,d232,976,0.341045111107266,mercedes luxury car auction,Chevrolet,Chevelle
1066,q2,435,d436,977,0.323219384727301,mercedes luxury car auction,Ford,Bronco
1067,q2,1143,d1144,978,0.3117185240201325,mercedes luxury car auction,Ford,Bronco
